sample_id,group,clip4_dominant_frac,best_cos,second_cos,margin,best_is_A,has_proxy,n_ids_III,B_frames_III,B_frames_I_II,L_frames_III,rule_matched,rule_B_is_proxy
sample00001,uncertain,1.0,0.5111284255981445,0.1899128258228302,0.32121559977531433,False,True,2,10,0,10,True,True
sample00002,B not seen,0.75,0.05500377342104912,0.043591346591711044,0.011412426829338074,False,True,3,0,0,1,False,False
sample00003,B seen = proxy,0.5714285714285714,0.8837433457374573,0.4005376398563385,0.4832057058811188,False,True,2,1,8,1,True,True
sample00004,B seen = proxy,1.0,0.8707938194274902,0.0708029568195343,0.7999908626079559,False,True,2,1,8,1,True,True
sample00005,B not seen,0.75,0.03938182443380356,-0.014095825143158436,0.053477649576961994,True,False,1,0,0,0,False,False
sample00006,uncertain,0.5,0.9738464951515198,0.03627099096775055,0.9375755041837692,True,True,2,3,0,1,False,False
sample00007,B seen = proxy,0.8333333333333334,0.9510443210601807,0.04941895604133606,0.9016253650188446,False,True,2,1,14,1,True,True
sample00008,B seen ≠ proxy,1.0,0.8909614086151123,0.08724528551101685,0.8037161231040955,False,True,4,3,6,4,True,False
sample00009,B seen ≠ proxy,0.7777777777777778,0.9041944146156311,0.04483865201473236,0.8593557626008987,False,True,2,0,7,6,True,False
sample00010,B seen ≠ proxy,0.875,0.8636726140975952,0.13746510446071625,0.726207509636879,False,True,2,0,14,1,True,False
sample00011,B seen = proxy,0.8333333333333334,0.9433671236038208,0.04051511362195015,0.9028520099818707,False,True,2,1,15,1,True,True
sample00012,B seen = proxy,1.0,0.8954951763153076,0.12820886075496674,0.7672863155603409,False,True,2,2,7,2,True,True
sample00013,B seen ≠ proxy,0.8181818181818182,0.8750815391540527,0.013933446258306503,0.8611480928957462,False,False,1,0,10,0,True,False
sample00014,B not seen,1.0,-0.02868064120411873,-1.0,0.9713193587958813,True,False,1,0,0,0,False,False
sample00015,B seen = proxy,0.9285714285714286,0.9655593633651733,0.0015234220772981644,0.9640359412878752,False,True,2,3,0,3,True,True
sample00016,B seen = proxy,1.0,0.9069534540176392,0.014023033902049065,0.8929304201155901,False,True,2,1,21,1,True,True
sample00017,B not seen,0.8571428571428571,0.010904418304562569,-1.0,1.0109044183045626,True,False,1,0,0,0,False,False
sample00018,B seen ≠ proxy,0.5454545454545454,0.9445104002952576,0.009367808699607849,0.9351425915956497,False,False,1,0,6,0,True,False
sample00019,B seen ≠ proxy,1.0,0.8166651129722595,0.12151766568422318,0.6951474472880363,False,True,3,2,0,2,True,False
sample00020,B seen = proxy,0.6153846153846154,0.8946349620819092,-0.01940939947962761,0.9140443615615368,False,True,2,2,9,2,True,True
sample00021,B not seen,0.9,-0.005507894791662693,-1.0,0.9944921052083373,True,False,1,0,0,0,False,False
sample00022,B seen ≠ proxy,1.0,0.8897087574005127,-0.018976878374814987,0.9086856357753277,False,False,1,0,14,0,True,False
sample00023,B seen ≠ proxy,0.6,0.8658559322357178,0.25878092646598816,0.6070750057697296,False,True,4,0,10,2,True,False
sample00024,B seen ≠ proxy,1.0,0.8921365141868591,0.13669593632221222,0.7554405778646469,False,False,1,0,9,0,True,False
sample00025,B seen ≠ proxy,0.8571428571428571,0.9055849313735962,0.0029926602728664875,0.9025922711007297,False,False,1,0,9,0,True,False
sample00026,B seen = proxy,1.0,0.9422630667686462,-0.025320732966065407,0.9675837997347116,False,True,2,1,10,1,True,True
sample00027,B seen ≠ proxy,0.6,0.9319642782211304,0.006810647435486317,0.925153630785644,False,False,1,0,6,0,True,False
sample00028,B seen = proxy,0.8,0.9786421060562134,-0.011238880455493927,0.9898809865117073,False,True,2,2,9,2,True,True
sample00029,B seen = proxy,0.8333333333333334,0.9253884553909302,-0.02118551917374134,0.9465739745646715,False,True,2,1,6,1,True,True
sample00030,B seen ≠ proxy,0.8888888888888888,0.9068619012832642,-0.016068430617451668,0.9229303319007158,False,False,1,0,10,0,True,False
sample00031,B seen ≠ proxy,0.8571428571428571,0.9193300604820251,-0.0006944555789232254,0.9200245160609484,False,False,1,0,8,0,True,False
sample00032,B seen = proxy,1.0,0.9647762775421143,-0.0160316601395607,0.980807937681675,False,True,2,1,24,1,True,True
sample00033,B seen ≠ proxy,1.0,0.9051835536956787,0.01806645281612873,0.88711710087955,False,False,1,0,6,0,True,False
sample00034,B seen ≠ proxy,1.0,0.8934933543205261,0.08745961636304855,0.8060337379574776,False,False,1,0,7,0,True,False
sample00035,B seen ≠ proxy,1.0,0.8974930047988892,0.035795941948890686,0.8616970628499985,False,False,1,0,8,0,True,False
sample00036,B seen ≠ proxy,0.9285714285714286,0.8518737554550171,0.02434045448899269,0.8275333009660244,False,False,1,0,7,0,True,False
sample00037,B seen ≠ proxy,1.0,0.8636299967765808,-0.027866903692483902,0.8914969004690647,False,False,1,0,8,0,True,False
sample00038,B seen ≠ proxy,0.8333333333333334,0.9353593587875366,0.006283635273575783,0.9290757235139608,False,False,1,0,13,0,True,False
sample00039,B seen ≠ proxy,0.5555555555555556,0.7941892147064209,-0.013500545173883438,0.8076897598803043,False,False,1,0,15,0,True,False
sample00040,B seen ≠ proxy,1.0,0.7489378452301025,0.3049074411392212,0.44403040409088135,False,True,3,2,0,7,True,False
sample00041,B seen ≠ proxy,0.75,0.9174541234970093,-0.04503385350108147,0.9624879769980907,False,False,1,0,18,0,True,False
sample00042,B seen = proxy,0.8571428571428571,0.9352421760559082,0.16275346279144287,0.7724887132644653,False,True,2,2,9,2,True,True
sample00043,B not seen,0.75,-0.03157680481672287,-0.06980469822883606,0.03822789341211319,True,True,2,0,0,9,False,False
sample00044,B seen ≠ proxy,1.0,0.8934101462364197,0.10670039057731628,0.7867097556591034,False,True,4,2,14,12,True,False
sample00045,B seen ≠ proxy,0.7142857142857143,0.7896486520767212,0.35192883014678955,0.43771982192993164,False,False,1,0,12,0,True,False
sample00046,B seen = proxy,0.8571428571428571,0.9518033862113953,0.10951875150203705,0.8422846347093582,False,True,3,4,7,4,True,True
sample00047,B seen ≠ proxy,1.0,0.788811445236206,-0.08027887344360352,0.8690903186798096,False,False,1,0,11,0,True,False
sample00048,B seen ≠ proxy,0.8,0.6914784908294678,0.012384343892335892,0.6790941469371319,False,False,1,0,5,0,True,False
sample00049,B seen = proxy,0.5454545454545454,0.9055428504943848,-0.019953131675720215,0.925495982170105,False,True,2,1,15,1,True,True
sample00050,B seen ≠ proxy,0.875,0.7040680050849915,-0.002583419904112816,0.7066514249891043,False,False,1,0,7,0,True,False
sample00051,B seen ≠ proxy,0.9,0.8016135096549988,0.5012569427490234,0.30035656690597534,False,False,1,0,9,0,True,False
sample00052,B seen = proxy,0.8,0.8114018440246582,0.0797111913561821,0.7316906526684761,False,True,2,1,13,1,True,True
sample00053,B seen = proxy,1.0,0.7002590894699097,0.01077328436076641,0.6894858051091433,False,True,2,1,9,1,True,True
sample00054,B seen ≠ proxy,0.8,0.8554707765579224,0.03963419795036316,0.8158365786075592,False,False,1,0,5,0,True,False
sample00055,B seen = proxy,0.8333333333333334,0.8975896835327148,0.023029325529932976,0.8745603580027819,False,True,2,1,10,1,True,True
sample00056,B seen = proxy,1.0,0.9317457675933838,0.042605072259902954,0.8891406953334808,False,True,2,4,5,4,True,True
sample00057,B seen = proxy,1.0,0.8990910053253174,0.041931577026844025,0.8571594282984734,False,True,2,1,4,1,True,True
sample00058,B seen ≠ proxy,1.0,0.8964381217956543,0.0660177618265152,0.8304203599691391,False,False,1,0,11,0,True,False
sample00059,B seen = proxy,0.8888888888888888,0.9378827810287476,0.03670220077037811,0.9011805802583694,False,True,2,1,7,1,True,True
sample00060,B seen = proxy,0.625,0.924483060836792,0.018608199432492256,0.9058748614042997,False,True,2,1,12,1,True,True
sample00061,B seen ≠ proxy,0.9,0.8021548986434937,0.06391848623752594,0.7382364124059677,False,True,7,0,17,1,True,False
sample00062,B not seen,0.8181818181818182,-0.05208943039178848,-1.0,0.9479105696082115,True,False,1,0,0,0,False,False
sample00063,B seen ≠ proxy,1.0,0.8457470536231995,-0.01772533915936947,0.8634723927825689,False,False,1,0,1,0,True,False
sample00064,B seen ≠ proxy,0.9333333333333333,0.9229604005813599,-0.0840882807970047,1.0070486813783646,False,False,1,0,12,0,True,False
sample00065,B not seen,1.0,0.08259481936693192,-0.012729203328490257,0.09532402269542217,True,True,2,0,0,8,False,False
sample00066,B seen ≠ proxy,1.0,0.7648213505744934,0.49223411083221436,0.27258723974227905,False,True,4,1,9,4,True,False
sample00067,B seen ≠ proxy,0.75,0.8413792848587036,0.42394840717315674,0.4174308776855469,False,True,2,0,9,9,True,False
sample00068,B seen = proxy,0.75,0.8583390712738037,0.04188064858317375,0.81645842269063,False,True,2,3,8,3,True,True
sample00069,B seen ≠ proxy,0.9333333333333333,0.9302366375923157,0.009746808558702469,0.9204898290336132,False,False,1,0,8,0,True,False
sample00070,B seen ≠ proxy,0.75,0.9209028482437134,0.055714938789606094,0.8651879094541073,False,False,1,0,15,0,True,False
sample00071,B seen = proxy,1.0,0.9072078466415405,0.05734092742204666,0.8498669192194939,False,True,2,2,14,2,True,True
sample00072,B seen ≠ proxy,0.875,0.845982551574707,0.004100538790225983,0.841882012784481,False,False,1,0,6,0,True,False
sample00073,B seen ≠ proxy,1.0,0.9156540632247925,0.025189369916915894,0.8904646933078766,False,True,3,1,0,1,True,False
sample00074,B seen ≠ proxy,1.0,0.7178184390068054,-0.026905514299869537,0.744723953306675,False,True,2,0,11,7,True,False
sample00075,B seen ≠ proxy,0.8,0.9390838146209717,0.17383262515068054,0.7652511894702911,False,True,3,0,3,5,True,False
sample00076,B seen ≠ proxy,1.0,0.7819263935089111,0.1212000846862793,0.6607263088226318,False,True,5,2,8,8,True,False
sample00077,B seen ≠ proxy,1.0,0.8694697618484497,0.15577702224254608,0.7136927396059036,False,False,1,0,8,0,True,False
sample00078,B seen ≠ proxy,0.8333333333333334,0.8372922539710999,0.043975602835416794,0.7933166511356831,False,False,1,0,7,0,True,False
sample00079,B seen = proxy,1.0,0.825149416923523,0.01577623561024666,0.8093731813132763,False,True,2,1,15,1,True,True
sample00080,B seen = proxy,1.0,0.82808518409729,-0.14243951439857483,0.9705246984958649,False,True,2,3,1,3,True,True
sample00081,B seen ≠ proxy,0.6666666666666666,0.8138673305511475,-0.08566620200872421,0.8995335325598717,False,False,1,0,11,0,True,False
sample00082,B seen = proxy,1.0,0.8197407722473145,-0.03296159207820892,0.8527023643255234,False,True,3,5,7,5,True,True
sample00083,B seen ≠ proxy,0.5555555555555556,0.907650351524353,0.41573911905288696,0.49191123247146606,False,False,1,0,9,0,True,False
sample00084,B seen = proxy,1.0,0.9528936147689819,-0.09827745705842972,1.0511710718274117,False,True,2,6,5,6,True,True
sample00085,B seen ≠ proxy,0.7,0.9472998380661011,-0.07624311000108719,1.0235429480671883,False,False,1,0,15,0,True,False
sample00086,B seen = proxy,0.5384615384615384,0.9563015103340149,-0.11385567486286163,1.0701571851968765,False,True,2,5,15,5,True,True
sample00087,B seen ≠ proxy,1.0,0.7856897115707397,-0.03560630604624748,0.8212960176169872,False,False,1,0,11,0,True,False
sample00088,B seen ≠ proxy,0.75,0.9049429893493652,0.07575146853923798,0.8291915208101273,False,False,1,0,12,0,True,False
sample00089,B seen ≠ proxy,1.0,0.9399045705795288,0.32201993465423584,0.617884635925293,False,True,4,5,11,5,True,False
sample00090,B seen ≠ proxy,1.0,0.9238143563270569,0.06382280588150024,0.8599915504455566,False,False,1,0,16,0,True,False
sample00091,B seen ≠ proxy,1.0,0.8442947864532471,0.39703571796417236,0.4472590684890747,False,False,1,0,11,0,True,False
sample00092,uncertain,0.4444444444444444,0.897028923034668,0.04991611838340759,0.8471128046512604,True,False,1,6,17,0,False,False
sample00093,B seen = proxy,0.9,0.7649139165878296,0.06663284450769424,0.6982810720801353,False,True,2,3,10,3,True,True
sample00094,B seen ≠ proxy,0.9166666666666666,0.7841635942459106,0.2368100881576538,0.5473535060882568,False,False,1,0,1,0,True,False
sample00095,B seen = proxy,0.7777777777777778,0.8609023690223694,0.204155832529068,0.6567465364933014,False,True,2,1,15,1,True,True
sample00096,B seen ≠ proxy,0.8571428571428571,0.8790559768676758,0.1605287790298462,0.7185271978378296,False,True,3,2,11,4,True,False
sample00097,B seen = proxy,0.8333333333333334,0.9092310070991516,0.12836676836013794,0.7808642387390137,False,True,2,2,8,2,True,True
sample00098,B seen ≠ proxy,0.8461538461538461,0.9168963432312012,0.1284182071685791,0.7884781360626221,False,True,3,1,10,1,True,False
sample00099,B seen ≠ proxy,1.0,0.871314287185669,0.09272730350494385,0.7785869836807251,False,True,3,2,8,2,True,False
sample00100,B seen ≠ proxy,0.9166666666666666,0.9193911552429199,0.1152988150715828,0.8040923401713371,False,False,1,0,12,0,True,False
sample00101,B seen = proxy,0.9090909090909091,0.9486969709396362,0.0842423215508461,0.8644546493887901,False,True,2,1,10,1,True,True
sample00102,B not seen,0.8888888888888888,0.08097761124372482,-1.0,1.0809776112437248,True,False,1,0,0,0,False,False
sample00103,B seen = proxy,1.0,0.9372507929801941,0.08853462338447571,0.8487161695957184,False,True,2,1,15,1,True,True
sample00104,B not seen,0.875,0.08162973821163177,-0.11016663908958435,0.19179637730121613,True,False,1,0,0,0,False,False
sample00105,B seen = proxy,0.8333333333333334,0.9610755443572998,0.09162722527980804,0.8694483190774918,False,True,2,1,12,1,True,True
sample00106,B seen = proxy,0.8333333333333334,0.8988898992538452,0.11215696483850479,0.7867329344153404,False,True,2,2,7,2,True,True
sample00107,B seen = proxy,0.625,0.9309765696525574,0.13311168551445007,0.7978648841381073,False,True,2,1,11,1,True,True
sample00108,B seen ≠ proxy,1.0,0.9033331871032715,0.17314794659614563,0.7301852405071259,False,False,1,0,8,0,True,False
sample00109,B seen ≠ proxy,1.0,0.9183933138847351,0.14460444450378418,0.7737888693809509,False,False,1,0,15,0,True,False
sample00110,B seen ≠ proxy,0.875,0.9560338854789734,0.15437141060829163,0.8016624748706818,False,False,1,0,22,0,True,False
sample00111,B seen = proxy,1.0,0.9348692297935486,0.16056743264198303,0.7743017971515656,False,True,2,1,6,1,True,True
sample00112,B seen ≠ proxy,1.0,0.931298017501831,0.15326917171478271,0.7780288457870483,False,False,1,0,14,0,True,False
sample00113,B seen ≠ proxy,1.0,0.916157066822052,0.13504859805107117,0.7811084687709808,False,False,1,0,10,0,True,False
sample00114,B seen ≠ proxy,1.0,0.9276236891746521,0.1307222694158554,0.7969014197587967,False,False,1,0,9,0,True,False
sample00115,B seen ≠ proxy,1.0,0.9401834011077881,0.13075001537799835,0.8094333857297897,False,False,1,0,7,0,True,False
sample00116,B seen ≠ proxy,0.6428571428571429,0.9571327567100525,0.12894262373447418,0.8281901329755783,False,False,1,0,9,0,True,False
sample00117,B seen = proxy,0.8,0.964183509349823,0.08270347118377686,0.8814800381660461,False,True,2,5,10,5,True,True
sample00118,B seen = proxy,1.0,0.9685640931129456,0.09124597907066345,0.8773181140422821,False,True,2,1,9,1,True,True
sample00119,B seen ≠ proxy,0.625,0.8243920803070068,0.0633898377418518,0.761002242565155,False,True,5,1,13,2,True,False
sample00120,B seen ≠ proxy,0.5909090909090909,0.8414474725723267,0.4082837402820587,0.43316373229026794,False,False,1,0,7,0,True,False
sample00121,B seen ≠ proxy,0.45454545454545453,0.6749235391616821,0.16570048034191132,0.5092230588197708,False,False,1,0,3,0,True,False
sample00122,B seen = proxy,1.0,0.7056053876876831,0.06147007644176483,0.6441353112459183,False,True,4,4,16,4,True,True
sample00123,B seen = proxy,0.9375,0.9204508066177368,0.097959965467453,0.8224908411502838,False,True,2,1,7,1,True,True
sample00124,B seen ≠ proxy,0.8,0.9231873750686646,0.11237110197544098,0.8108162730932236,False,True,3,1,16,1,True,False
sample00125,B seen = proxy,1.0,0.9596307277679443,0.5188426375389099,0.4407880902290344,False,True,2,6,5,6,True,True
sample00126,B seen ≠ proxy,0.8571428571428571,0.8180010318756104,0.07833047211170197,0.7396705597639084,False,True,2,0,12,1,True,False
sample00127,B seen = proxy,0.8571428571428571,0.9481521844863892,0.06993136554956436,0.8782208189368248,False,True,2,1,13,1,True,True
sample00128,B seen = proxy,0.5555555555555556,0.801253080368042,0.12308703362941742,0.6781660467386246,False,True,2,1,6,1,True,True
sample00129,B seen ≠ proxy,0.9285714285714286,0.9211704730987549,0.13466179370880127,0.7865086793899536,False,False,1,0,12,0,True,False
sample00130,B seen ≠ proxy,0.8571428571428571,0.9643967747688293,0.1265362799167633,0.837860494852066,False,False,1,0,8,0,True,False
sample00131,uncertain,0.5,0.9650375247001648,0.11718087643384933,0.8478566482663155,True,True,2,6,1,1,False,False
sample00132,B seen = proxy,1.0,0.894961416721344,0.07526946067810059,0.8196919560432434,False,True,2,4,9,4,True,True
sample00133,B seen ≠ proxy,0.7,0.7924668192863464,0.04129054397344589,0.7511762753129005,False,True,2,0,21,8,True,False
sample00134,B seen ≠ proxy,1.0,0.7775667309761047,-0.0018808180466294289,0.7794475490227342,False,True,4,3,8,7,True,False
sample00135,B seen ≠ proxy,0.7272727272727273,0.937880277633667,0.0187673382461071,0.9191129393875599,False,False,1,0,7,0,True,False
sample00136,uncertain,1.0,0.8647266626358032,-0.052563875913619995,0.9172905385494232,True,True,2,6,13,5,False,False
sample00137,B seen ≠ proxy,0.7777777777777778,0.952974796295166,-0.06923575699329376,1.0222105532884598,False,False,1,0,5,0,True,False
sample00138,B seen ≠ proxy,1.0,0.8401597142219543,-0.039985962212085724,0.8801456764340401,False,False,1,0,11,0,True,False
sample00139,B seen ≠ proxy,0.8181818181818182,0.9364140033721924,0.18383947014808655,0.7525745332241058,False,True,2,0,6,7,True,False
sample00140,B seen = proxy,0.7857142857142857,0.9022814035415649,-0.023994311690330505,0.9262757152318954,False,True,3,3,13,3,True,True
sample00141,B seen = proxy,1.0,0.8411383032798767,0.07395268976688385,0.7671856135129929,False,True,2,3,7,3,True,True
sample00142,B seen = proxy,1.0,0.9420416951179504,0.08673734962940216,0.8553043454885483,False,True,3,1,13,1,True,True
sample00143,B seen ≠ proxy,0.875,0.9754153490066528,0.026041943579912186,0.9493734054267406,False,False,1,0,15,0,True,False
sample00144,B seen ≠ proxy,0.9,0.9721865057945251,-0.022101126611232758,0.9942876324057579,False,False,1,0,7,0,True,False
sample00145,B seen = proxy,0.9166666666666666,0.8932264447212219,-0.004673460032790899,0.8978999047540128,False,True,2,1,14,1,True,True
sample00146,B seen ≠ proxy,1.0,0.8376325964927673,0.03513939678668976,0.8024931997060776,False,False,1,0,12,0,True,False
sample00147,B seen ≠ proxy,0.7368421052631579,0.9135428667068481,0.016973748803138733,0.8965691179037094,False,False,1,0,21,0,True,False
sample00148,B seen ≠ proxy,1.0,0.9094559550285339,-0.020138736814260483,0.9295946918427944,False,False,1,0,19,0,True,False
sample00149,B seen ≠ proxy,1.0,0.8137067556381226,-0.036192260682582855,0.8498990163207054,False,False,1,0,15,0,True,False
sample00150,B seen ≠ proxy,1.0,0.7560706734657288,0.046226538717746735,0.709844134747982,False,True,2,0,5,16,True,False
sample00151,uncertain,0.5,0.8840165734291077,0.029775768518447876,0.8542408049106598,True,False,1,4,5,0,False,False
sample00152,uncertain,0.9166666666666666,0.8250844478607178,0.05544693395495415,0.7696375139057636,True,True,2,8,4,8,False,False
sample00153,B seen = proxy,0.8571428571428571,0.96007239818573,0.006075427867472172,0.9539969703182578,False,True,2,1,8,1,True,True
sample00154,B seen = proxy,0.8333333333333334,0.9183325171470642,-0.016547875478863716,0.9348803926259279,False,True,2,1,19,1,True,True
sample00155,B seen = proxy,0.8571428571428571,0.8748151659965515,-0.03283678740262985,0.9076519533991814,False,True,2,1,7,1,True,True
sample00156,B seen ≠ proxy,1.0,0.9342933297157288,0.13818517327308655,0.7961081564426422,False,True,2,0,6,4,True,False
sample00157,B seen = proxy,0.8333333333333334,0.862302303314209,0.036898694932460785,0.8254036083817482,False,True,3,2,10,2,True,True
sample00158,uncertain,0.7272727272727273,0.4257732033729553,0.33441734313964844,0.09135586023330688,False,True,10,2,0,4,False,False
sample00159,B seen ≠ proxy,0.8461538461538461,0.8440230488777161,0.052227988839149475,0.7917950600385666,False,True,14,1,16,2,True,False
sample00160,B seen ≠ proxy,0.8571428571428571,0.6514642238616943,0.025911234319210052,0.6255529895424843,False,False,1,0,13,0,True,False
sample00161,B seen ≠ proxy,1.0,0.8029223680496216,0.008075237274169922,0.7948471307754517,False,True,4,1,8,3,True,False
sample00235,B seen ≠ proxy,0.9285714285714286,0.9086788892745972,0.08765572309494019,0.821023166179657,False,False,1,0,12,0,True,False
sample00236,uncertain,0.7142857142857143,0.9356256127357483,-0.010114320553839207,0.9457399332895875,True,True,2,5,5,1,False,False
sample00237,B seen ≠ proxy,0.75,0.955873966217041,0.029915234073996544,0.9259587321430445,False,False,1,0,4,0,True,False
sample00238,B seen = proxy,0.875,0.9749119281768799,0.03173097223043442,0.9431809559464455,False,True,2,3,7,3,True,True
sample00239,B seen = proxy,0.8333333333333334,0.883134126663208,0.049010761082172394,0.8341233655810356,False,True,2,1,16,1,True,True
sample00240,B seen = proxy,0.6666666666666666,0.9558610916137695,0.082220658659935,0.8736404329538345,False,True,2,1,10,1,True,True
sample00241,B seen = proxy,0.5714285714285714,0.9605176448822021,0.002701347693800926,0.9578162971884012,False,True,2,2,5,2,True,True
sample00242,B seen = proxy,0.625,0.9164672493934631,-0.011116822250187397,0.9275840716436505,False,True,2,3,7,3,True,True
sample00243,B seen ≠ proxy,0.8333333333333334,0.6145365238189697,0.06570930778980255,0.5488272160291672,False,False,1,0,2,0,True,False
sample00244,B seen ≠ proxy,0.75,0.9195635914802551,0.31864070892333984,0.6009228825569153,False,False,1,0,5,0,True,False
sample00245,B seen = proxy,0.7272727272727273,0.7600294351577759,0.48089757561683655,0.27913185954093933,False,True,2,1,6,1,True,True
sample00246,B seen ≠ proxy,0.6153846153846154,0.7816684246063232,-0.004801327362656593,0.7864697519689798,False,True,2,0,14,1,True,False
sample00247,B seen = proxy,0.8888888888888888,0.8811144232749939,0.09206882864236832,0.7890455946326256,False,True,2,1,5,1,True,True
sample00248,B seen ≠ proxy,0.7692307692307693,0.8954378366470337,0.0923999696969986,0.8030378669500351,False,False,1,0,13,0,True,False
sample00249,B seen ≠ proxy,0.8571428571428571,0.8450216054916382,0.012414035387337208,0.832607570104301,False,True,5,1,17,7,True,False
sample00250,B not seen,0.8,0.3024747669696808,0.09614663571119308,0.2063281312584877,False,True,5,0,0,14,False,False
sample00251,B seen ≠ proxy,0.8571428571428571,0.8376328945159912,0.014324117451906204,0.823308777064085,False,False,1,0,10,0,True,False
sample00252,uncertain,0.5555555555555556,0.9056060910224915,-0.01137847825884819,0.9169845692813396,True,True,2,6,0,1,False,False
sample00253,uncertain,1.0,0.8924456834793091,0.014383649453520775,0.8780620340257883,True,True,2,5,6,4,False,False
sample00254,B seen ≠ proxy,0.8571428571428571,0.8172648549079895,0.02783542312681675,0.7894294317811728,False,False,1,0,5,0,True,False
sample00255,B seen ≠ proxy,1.0,0.845847487449646,0.047320105135440826,0.7985273823142052,False,False,1,0,8,0,True,False
sample00256,B seen ≠ proxy,0.8333333333333334,0.8770917654037476,0.0036288928240537643,0.8734628725796938,False,False,1,0,15,0,True,False
sample00257,B seen = proxy,1.0,0.9183746576309204,0.015305118635296822,0.9030695389956236,False,True,2,1,6,1,True,True
sample00258,B seen ≠ proxy,0.9090909090909091,0.9162428379058838,-0.003641938790678978,0.9198847766965628,False,False,1,0,5,0,True,False
sample00259,B seen = proxy,1.0,0.9484447240829468,0.0007024537771940231,0.9477422703057528,False,True,2,1,6,1,True,True
sample00260,B seen ≠ proxy,1.0,0.8975443840026855,0.01475115492939949,0.8827932290732861,False,False,1,0,7,0,True,False
sample00261,uncertain,0.5,0.9272419214248657,0.024002276360988617,0.9032396450638771,True,False,1,4,1,0,False,False
sample00262,B seen ≠ proxy,1.0,0.8998313546180725,0.016521552577614784,0.8833098020404577,False,False,1,0,9,0,True,False
sample00263,B seen ≠ proxy,1.0,0.9151923060417175,0.037834618240594864,0.8773576878011227,False,False,1,0,23,0,True,False
sample00264,B seen ≠ proxy,0.875,0.9408333897590637,0.02385907806456089,0.9169743116945028,False,False,1,0,10,0,True,False
sample00265,B seen ≠ proxy,1.0,0.8277255296707153,0.5014292001724243,0.326296329498291,False,True,11,4,0,10,True,False
sample00266,B seen ≠ proxy,1.0,0.8752442002296448,0.5443258285522461,0.3309183716773987,False,True,2,0,10,1,True,False
sample00267,B seen ≠ proxy,0.7,0.8927435874938965,0.4318808615207672,0.4608627259731293,False,False,1,0,11,0,True,False
sample00268,B seen ≠ proxy,1.0,0.9198012351989746,0.07220880687236786,0.8475924283266068,False,True,4,3,4,7,True,False
sample00269,B seen ≠ proxy,1.0,0.7646898031234741,0.09231775254011154,0.6723720505833626,False,True,2,0,7,2,True,False
sample00270,B seen = proxy,1.0,0.7743842601776123,0.03775373101234436,0.7366305291652679,False,True,2,1,8,1,True,True
sample00271,B seen = proxy,1.0,0.9028374552726746,-0.0238218754529953,0.9266593307256699,False,True,2,2,11,2,True,True
sample00272,uncertain,0.5,0.9216889142990112,-0.01900096796452999,0.9406898822635412,True,False,1,4,8,0,False,False
sample00273,B seen ≠ proxy,1.0,0.8750083446502686,0.037030041217803955,0.8379783034324646,False,False,1,0,8,0,True,False
sample00274,B seen = proxy,1.0,0.884079098701477,0.03274109214544296,0.8513380065560341,False,True,2,3,11,3,True,True
sample00275,B seen ≠ proxy,0.9166666666666666,0.9452813267707825,0.0299692265689373,0.9153121002018452,False,False,1,0,26,0,True,False
sample00276,B seen ≠ proxy,0.9285714285714286,0.946747899055481,0.0684254989027977,0.8783224001526833,False,True,4,0,11,2,True,False
sample00277,B seen ≠ proxy,0.8,0.7582728266716003,0.3651927709579468,0.39308005571365356,False,True,3,0,15,1,True,False
sample00278,B seen = proxy,1.0,0.8349126577377319,-0.015769559890031815,0.8506822176277637,False,True,2,1,0,1,True,True
sample00279,B not seen,0.5,-0.003904346376657486,-1.0,0.9960956536233425,True,False,1,0,0,0,False,False
sample00280,B not seen,0.6666666666666666,0.02550959773361683,0.0179611686617136,0.007548429071903229,False,True,4,0,0,3,False,False
sample00281,B seen ≠ proxy,1.0,0.7583078145980835,0.06587548553943634,0.6924323290586472,False,False,1,0,9,0,True,False
sample00282,B seen ≠ proxy,0.95,0.7223453521728516,0.16841572523117065,0.5539296269416809,False,False,1,0,8,0,True,False
sample00283,B seen = proxy,0.5454545454545454,0.7117658853530884,0.17628642916679382,0.5354794561862946,False,True,2,6,3,6,True,True
sample00284,B seen = proxy,0.6666666666666666,0.9084495902061462,0.2010209560394287,0.7074286341667175,False,True,2,5,20,5,True,True
sample00285,B seen = proxy,0.875,0.8833831548690796,0.17492155730724335,0.7084615975618362,False,True,2,2,12,2,True,True
sample00286,B seen = proxy,0.6470588235294118,0.9760249853134155,0.20518729090690613,0.7708376944065094,False,True,2,1,9,1,True,True
sample00287,B seen ≠ proxy,0.8333333333333334,0.9372267723083496,0.049045026302337646,0.888181746006012,False,False,1,0,3,0,True,False
sample00288,B seen = proxy,1.0,0.9472858905792236,0.06475026905536652,0.8825356215238571,False,True,2,1,10,1,True,True
sample00289,B seen = proxy,1.0,0.9529444575309753,0.07315657287836075,0.8797878846526146,False,True,2,1,5,1,True,True
sample00290,B seen ≠ proxy,0.9411764705882353,0.9434040188789368,0.07870180904865265,0.8647022098302841,False,False,1,0,10,0,True,False
sample00291,B seen = proxy,1.0,0.9432467222213745,0.07394781708717346,0.869298905134201,False,True,2,1,22,1,True,True
sample00292,B seen ≠ proxy,1.0,0.9082791805267334,0.038077399134635925,0.8702017813920975,False,False,1,0,16,0,True,False
sample00293,B seen ≠ proxy,1.0,0.9431935548782349,0.09634434431791306,0.8468492105603218,False,False,1,0,7,0,True,False
sample00294,uncertain,0.3333333333333333,0.014259783551096916,0.01316753774881363,0.001092245802283287,False,False,1,0,0,0,False,False
sample00295,B seen ≠ proxy,0.9166666666666666,0.9746603965759277,0.007874257862567902,0.9667861387133598,False,False,1,0,8,0,True,False
sample00296,B seen = proxy,1.0,0.962693452835083,0.03862383961677551,0.9240696132183075,False,True,2,2,22,2,True,True
sample00297,B seen ≠ proxy,0.8888888888888888,0.8247960805892944,-0.04606132209300995,0.8708574026823044,False,False,1,0,10,0,True,False
sample00298,B not seen,1.0,0.02197372540831566,-0.07826047390699387,0.10023419931530952,True,False,1,0,0,0,False,False
sample00299,B seen ≠ proxy,0.8888888888888888,0.8531599044799805,0.0005042038392275572,0.8526557006407529,False,True,2,0,1,1,True,False
sample00300,B seen ≠ proxy,0.8,0.8526496887207031,0.024302760139107704,0.8283469285815954,False,True,3,0,6,9,True,False
sample00301,B not seen,1.0,0.05837968364357948,-1.0,1.0583796836435795,True,False,1,0,0,0,False,False
sample00302,B seen ≠ proxy,1.0,0.8439987897872925,0.047237515449523926,0.7967612743377686,False,False,1,0,15,0,True,False
sample00303,B seen ≠ proxy,0.6666666666666666,0.8745793104171753,0.017033439129590988,0.8575458712875843,False,False,1,0,5,0,True,False
sample00304,B seen ≠ proxy,1.0,0.9009668231010437,0.043038494884967804,0.8579283282160759,False,False,1,0,8,0,True,False
sample00305,B seen ≠ proxy,1.0,0.8676872253417969,0.0066890958696603775,0.8609981294721365,False,False,1,0,13,0,True,False
sample00306,B seen ≠ proxy,0.7272727272727273,0.9050825834274292,0.08643899857997894,0.8186435848474503,False,False,1,0,8,0,True,False
sample00307,B seen = proxy,1.0,0.8180692791938782,0.07032836228609085,0.7477409169077873,False,True,2,6,11,6,True,True
sample00308,B not seen,0.8571428571428571,-0.011521232314407825,-1.0,0.9884787676855922,True,False,1,0,0,0,False,False
sample00309,B not seen,1.0,0.08113325387239456,0.03694174066185951,0.04419151321053505,True,True,2,0,0,1,False,False
sample00310,B seen ≠ proxy,0.8333333333333334,0.9520829916000366,0.04708155244588852,0.9050014391541481,False,False,1,0,10,0,True,False
sample00311,B seen = proxy,1.0,0.9183192253112793,0.04042144492268562,0.8778977803885937,False,True,2,5,1,5,True,True
sample00312,B seen ≠ proxy,0.9333333333333333,0.9654884338378906,0.05697385221719742,0.9085145816206932,False,False,1,0,17,0,True,False
sample00313,B not seen,1.0,-0.032534316182136536,-1.0,0.9674656838178635,True,False,1,0,0,0,False,False
sample00314,B seen = proxy,1.0,0.9455005526542664,0.012885447591543198,0.9326151050627232,False,True,2,4,5,4,True,True
sample00315,B seen ≠ proxy,1.0,0.9427940845489502,0.0031429510563611984,0.939651133492589,False,False,1,0,6,0,True,False
sample00316,B seen ≠ proxy,1.0,0.8733329176902771,0.1311531662940979,0.7421797513961792,False,False,1,0,10,0,True,False
sample00317,B not seen,0.8,-0.013035118579864502,-0.029310546815395355,0.016275428235530853,True,False,1,0,0,0,False,False
sample00318,B not seen,0.8,0.07423827797174454,0.06376128643751144,0.010476991534233093,False,False,1,0,0,0,False,False
sample00319,B seen = proxy,1.0,0.6945434808731079,0.04965272918343544,0.6448907516896725,False,True,2,1,11,1,True,True
sample00320,B not seen,0.6666666666666666,0.04014652594923973,0.010548893362283707,0.029597632586956024,False,False,1,0,0,0,False,False
sample00321,B seen ≠ proxy,1.0,0.8686152100563049,0.0888446718454361,0.7797705382108688,False,False,1,0,8,0,True,False
sample00322,B seen ≠ proxy,1.0,0.8790556788444519,0.03507639467716217,0.8439792841672897,False,False,1,0,8,0,True,False
sample00323,B seen = proxy,1.0,0.8730193376541138,0.12136691808700562,0.7516524195671082,False,True,2,4,6,4,True,True
sample00324,B seen ≠ proxy,0.75,0.859178900718689,0.05990441143512726,0.7992744892835617,False,False,1,0,16,0,True,False
sample00325,B seen ≠ proxy,0.6363636363636364,0.7186095118522644,0.029496701434254646,0.6891128104180098,False,False,1,0,7,0,True,False
sample00326,uncertain,0.6470588235294118,0.6264792680740356,0.13663890957832336,0.4898403584957123,True,True,2,5,6,5,False,False
sample00327,B seen = proxy,0.6363636363636364,0.9488592147827148,0.01320592686533928,0.9356532879173756,False,True,2,2,15,2,True,True
sample00328,B seen = proxy,1.0,0.8581594228744507,0.025062138214707375,0.8330972846597433,False,True,2,5,8,5,True,True
sample00329,B seen ≠ proxy,1.0,0.8045555353164673,0.08503057062625885,0.7195249646902084,False,False,1,0,10,0,True,False
sample00330,B seen ≠ proxy,1.0,0.5672541260719299,-0.017673909664154053,0.584928035736084,False,False,1,0,4,0,True,False
sample00331,B seen ≠ proxy,1.0,0.88720703125,-0.016977692022919655,0.9041847232729197,False,False,1,0,12,0,True,False
sample00332,B seen ≠ proxy,1.0,0.9444352984428406,-0.008229156956076622,0.9526644553989172,False,False,1,0,9,0,True,False
sample00333,B seen ≠ proxy,1.0,0.9011586904525757,-0.03066643327474594,0.9318251237273216,False,False,1,0,3,0,True,False
sample00334,B seen ≠ proxy,0.8571428571428571,0.8901803493499756,0.10103124380111694,0.7891491055488586,False,False,1,0,12,0,True,False
sample00335,B seen = proxy,1.0,0.9131803512573242,0.10866136103868484,0.8045189902186394,False,True,2,1,8,1,True,True
sample00336,B seen = proxy,1.0,0.9244982600212097,0.0385909341275692,0.8859073258936405,False,True,2,4,6,4,True,True
sample00337,B not seen,1.0,0.03163239732384682,-1.0,1.0316323973238468,True,False,1,0,0,0,False,False
sample00338,B seen ≠ proxy,0.8888888888888888,0.8649418950080872,0.054786741733551025,0.8101551532745361,False,True,2,0,18,11,True,False
sample00339,B seen = proxy,1.0,0.8850760459899902,0.05264146625995636,0.8324345797300339,False,True,2,1,11,1,True,True
sample00340,B seen = proxy,1.0,0.871809184551239,0.042344264686107635,0.8294649198651314,False,True,2,2,13,2,True,True
sample00341,B seen = proxy,1.0,0.909034252166748,0.01990416646003723,0.8891300857067108,False,True,2,2,5,2,True,True
sample00342,B seen ≠ proxy,1.0,0.8006501793861389,0.049337051808834076,0.7513131275773048,False,False,1,0,7,0,True,False
sample00343,B seen ≠ proxy,1.0,0.9433786869049072,0.051325008273124695,0.8920536786317825,False,True,2,0,6,1,True,False
sample00344,B seen ≠ proxy,1.0,0.6974116563796997,0.009174776263535023,0.6882368801161647,False,False,1,0,4,0,True,False
sample00345,B seen ≠ proxy,0.625,0.7719126343727112,0.09042872488498688,0.6814839094877243,False,False,1,0,11,0,True,False
sample00346,B seen ≠ proxy,1.0,0.920751690864563,0.11458368599414825,0.8061680048704147,False,False,1,0,12,0,True,False
sample00347,B seen = proxy,1.0,0.9096947312355042,0.07954967767000198,0.8301450535655022,False,True,2,2,14,2,True,True
sample00348,B seen ≠ proxy,1.0,0.8370072841644287,0.13374176621437073,0.703265517950058,False,False,1,0,6,0,True,False
sample00349,B seen ≠ proxy,0.6,0.7776010632514954,0.04416686296463013,0.7334342002868652,False,False,1,0,5,0,True,False
sample00350,B seen ≠ proxy,1.0,0.6855887174606323,0.09422789514064789,0.5913608223199844,False,False,1,0,17,0,True,False
sample00351,B seen ≠ proxy,1.0,0.9520007371902466,0.36213257908821106,0.5898681581020355,False,False,1,0,14,0,True,False
sample00352,B seen ≠ proxy,0.7777777777777778,0.9476879239082336,0.07766301929950714,0.8700249046087265,False,True,2,0,4,3,True,False
sample00353,B seen = proxy,1.0,0.945986270904541,0.07467483729124069,0.8713114336133003,False,True,3,2,7,2,True,True
sample00354,B seen ≠ proxy,1.0,0.9624495506286621,0.07321758568286896,0.8892319649457932,False,True,2,0,7,6,True,False
sample00355,B seen ≠ proxy,1.0,0.9129371643066406,0.06883850693702698,0.8440986573696136,False,False,1,0,9,0,True,False
sample00356,B seen ≠ proxy,1.0,0.902125358581543,0.055221036076545715,0.8469043225049973,False,False,1,0,9,0,True,False
sample00357,uncertain,0.5714285714285714,0.9462904334068298,0.050518907606601715,0.8957715258002281,True,False,1,21,9,0,False,False
sample00358,B seen = proxy,1.0,0.9263855218887329,0.042057719081640244,0.8843278028070927,False,True,2,3,7,3,True,True
sample00359,B seen = proxy,1.0,0.9402036666870117,0.03719563037157059,0.9030080363154411,False,True,2,4,0,4,True,True
sample00360,B seen ≠ proxy,0.6153846153846154,0.9425569772720337,0.045433010905981064,0.8971239663660526,False,False,1,0,10,0,True,False
sample00361,B seen = proxy,0.75,0.9659409523010254,0.054226599633693695,0.9117143526673317,False,True,2,5,8,5,True,True
sample00362,B seen ≠ proxy,1.0,0.9724603891372681,0.1100856363773346,0.8623747527599335,False,True,4,4,3,10,True,False
sample00363,B seen ≠ proxy,0.8571428571428571,0.8735048174858093,0.060444992035627365,0.813059825450182,False,True,3,0,12,4,True,False
sample00364,B seen ≠ proxy,1.0,0.9288268089294434,0.05453764274716377,0.8742891661822796,False,True,4,2,18,7,True,False
sample00365,B seen ≠ proxy,1.0,0.9209733009338379,-0.021218035370111465,0.9421913363039494,False,False,1,0,6,0,True,False
sample00366,B seen ≠ proxy,1.0,0.9757955074310303,-0.01863851211965084,0.9944340195506811,False,True,3,0,11,9,True,False
sample00367,B seen ≠ proxy,1.0,0.8985773324966431,-0.03209588676691055,0.9306732192635536,False,True,3,1,7,1,True,False
sample00368,B seen ≠ proxy,1.0,0.9633955359458923,-0.036336228251457214,0.9997317641973495,False,True,2,0,11,7,True,False
sample00369,B seen ≠ proxy,0.7692307692307693,0.9411872625350952,-0.011162251234054565,0.9523495137691498,False,False,1,0,8,0,True,False
sample00370,B seen = proxy,1.0,0.7769889831542969,0.011004594154655933,0.7659843889996409,False,True,3,1,10,1,True,True
sample00371,B not seen,1.0,-0.1229730173945427,-1.0,0.8770269826054573,True,False,1,0,0,0,False,False
sample00372,B seen = proxy,1.0,0.8787006139755249,0.05155565217137337,0.8271449618041515,False,True,2,2,8,2,True,True
sample00373,B seen ≠ proxy,0.8,0.9437195062637329,0.08911183476448059,0.8546076714992523,False,False,1,0,5,0,True,False
sample00374,B seen ≠ proxy,1.0,0.9329292178153992,0.13547290861606598,0.7974563091993332,False,False,1,0,11,0,True,False
sample00375,B seen ≠ proxy,1.0,0.9124976396560669,0.10138823837041855,0.8111094012856483,False,False,1,0,15,0,True,False
sample00376,B seen ≠ proxy,0.625,0.893222451210022,0.10056643933057785,0.7926560118794441,False,True,2,0,9,1,True,False
sample00377,B not seen,1.0,0.03661602735519409,0.004189189989119768,0.032426837366074324,True,False,1,0,0,0,False,False
sample00378,B seen = proxy,1.0,0.6302183866500854,0.12674526870250702,0.5034731179475784,False,True,2,1,14,1,True,True
sample00379,B not seen,0.75,0.08038065582513809,0.03493047133088112,0.04545018449425697,True,False,1,0,0,0,False,False
sample00380,B seen = proxy,1.0,0.8890966773033142,0.062402285635471344,0.8266943916678429,False,True,2,2,3,2,True,True
sample00381,B seen ≠ proxy,1.0,0.9530701637268066,0.09792015701532364,0.855150006711483,False,False,1,0,8,0,True,False
sample00382,B seen ≠ proxy,0.6666666666666666,0.7872868776321411,0.00644645094871521,0.7808404266834259,False,False,1,0,9,0,True,False
sample00383,B seen ≠ proxy,0.8,0.8745865821838379,0.018101511523127556,0.8564850706607103,False,False,1,0,6,0,True,False
sample00384,B seen = proxy,1.0,0.9829760193824768,0.016185084357857704,0.9667909350246191,False,True,2,1,12,1,True,True
sample00385,B seen ≠ proxy,1.0,0.9352841973304749,0.0034023402258753777,0.9318818571045995,False,False,1,0,4,0,True,False
sample00386,B seen ≠ proxy,1.0,0.8300565481185913,-0.0020315879955887794,0.8320881361141801,False,False,1,0,7,0,True,False
sample00387,B seen ≠ proxy,1.0,0.8810124397277832,-0.02887445129454136,0.9098868910223246,False,False,1,0,14,0,True,False
sample00388,B seen ≠ proxy,0.875,0.8185364603996277,-0.01956745609641075,0.8381039164960384,False,False,1,0,16,0,True,False
sample00389,B not seen,1.0,0.0773143321275711,0.012055618688464165,0.06525871343910694,False,False,1,0,0,0,False,False
sample00390,B seen ≠ proxy,1.0,0.8590934872627258,-0.020022807642817497,0.8791162949055433,False,False,1,0,10,0,True,False
sample00391,B seen ≠ proxy,1.0,0.9523813128471375,-0.006397136487066746,0.9587784493342042,False,False,1,0,17,0,True,False
sample00392,B seen ≠ proxy,1.0,0.809174656867981,-0.02540583349764347,0.8345804903656244,False,False,1,0,6,0,True,False
sample00393,B seen ≠ proxy,1.0,0.8977376818656921,-0.002536902204155922,0.9002745840698481,False,False,1,0,6,0,True,False
sample00394,B seen ≠ proxy,1.0,0.9684542417526245,-0.015102319419384003,0.9835565611720085,False,False,1,0,11,0,True,False
sample00395,B seen ≠ proxy,0.75,0.8914211988449097,-0.005127217620611191,0.8965484164655209,False,False,1,0,8,0,True,False
sample00396,B seen = proxy,1.0,0.9882233142852783,-0.007981134578585625,0.996204448863864,False,True,2,1,12,1,True,True
sample00397,B seen ≠ proxy,1.0,0.897323489189148,-0.004846164956688881,0.9021696541458368,False,False,1,0,18,0,True,False
sample00398,B seen ≠ proxy,1.0,0.9480288028717041,-0.024738330394029617,0.9727671332657337,False,False,1,0,6,0,True,False
sample00399,B seen ≠ proxy,0.8571428571428571,0.8741426467895508,0.45103687047958374,0.42310577630996704,False,True,2,0,8,5,True,False
sample00400,uncertain,0.5,0.6796013116836548,0.6541919112205505,0.025409400463104248,False,False,1,0,3,0,True,False
sample00401,B not seen,1.0,0.15692734718322754,0.05971812829375267,0.09720921888947487,True,True,2,0,0,7,False,False
sample00402,B seen ≠ proxy,1.0,0.8646775484085083,0.056827206164598465,0.8078503422439098,False,True,2,0,15,2,True,False
sample00403,B seen ≠ proxy,1.0,0.9667524695396423,0.006140340119600296,0.960612129420042,False,False,1,0,6,0,True,False
sample00404,B seen ≠ proxy,1.0,0.9476399421691895,-0.05729193612933159,1.004931878298521,False,False,1,0,4,0,True,False
sample00405,B seen ≠ proxy,1.0,0.957208514213562,-0.08709371834993362,1.0443022325634956,False,False,1,0,12,0,True,False
sample00406,B not seen,1.0,0.021499276161193848,-0.03745008632540703,0.058949362486600876,False,False,1,0,0,0,False,False
sample00407,B seen ≠ proxy,1.0,0.8715519905090332,0.0771436095237732,0.79440838098526,False,False,1,0,16,0,True,False
sample00408,B seen ≠ proxy,1.0,0.9619302749633789,-0.05742897093296051,1.0193592458963394,False,False,1,0,5,0,True,False
sample00409,B seen ≠ proxy,1.0,0.9749528169631958,-0.043977174907922745,1.0189299918711185,False,False,1,0,9,0,True,False
sample00410,B seen ≠ proxy,1.0,0.8143795728683472,0.08129216730594635,0.7330874055624008,False,False,1,0,8,0,True,False
sample00411,B seen ≠ proxy,1.0,0.6634384393692017,-0.004517439752817154,0.6679558791220188,False,True,2,0,10,3,True,False
sample00412,B seen ≠ proxy,1.0,0.8456791043281555,0.0665605366230011,0.7791185677051544,False,False,1,0,5,0,True,False
sample00413,B seen ≠ proxy,1.0,0.7139979600906372,0.04599308222532272,0.6680048778653145,False,True,2,0,5,2,True,False
sample00414,B seen ≠ proxy,0.7272727272727273,0.8965739011764526,0.028300900012254715,0.8682730011641979,False,False,1,0,9,0,True,False
sample00415,B seen ≠ proxy,1.0,0.8785767555236816,0.05630623549222946,0.8222705200314522,False,True,2,0,10,3,True,False
sample00416,B seen ≠ proxy,1.0,0.8904668092727661,0.029731828719377518,0.8607349805533886,False,False,1,0,8,0,True,False
sample00417,B seen ≠ proxy,1.0,0.9610431790351868,0.05162036418914795,0.9094228148460388,False,False,1,0,12,0,True,False
sample00418,B seen ≠ proxy,1.0,0.8998062610626221,0.071621373295784,0.8281848877668381,False,False,1,0,5,0,True,False
sample00419,B seen ≠ proxy,1.0,0.8410947322845459,0.08148802816867828,0.7596067041158676,False,False,1,0,16,0,True,False
sample00420,B seen ≠ proxy,1.0,0.9239376783370972,0.053328678011894226,0.8706090003252029,False,False,1,0,5,0,True,False
sample00421,B seen = proxy,0.8,0.8614461421966553,-0.005175575613975525,0.8666217178106308,False,True,2,2,9,2,True,True
sample00422,B seen ≠ proxy,1.0,0.9250760674476624,0.14771245419979095,0.7773636132478714,False,False,1,0,22,0,True,False
sample00423,B seen ≠ proxy,1.0,0.9199852347373962,0.15000653266906738,0.7699787020683289,False,False,1,0,7,0,True,False
sample00424,B seen ≠ proxy,1.0,0.9357854723930359,0.16013258695602417,0.7756528854370117,False,False,1,0,8,0,True,False
sample00425,B seen ≠ proxy,1.0,0.9088987112045288,0.1960044801235199,0.7128942310810089,False,False,1,0,11,0,True,False
sample00426,B seen ≠ proxy,1.0,0.8342829942703247,0.019465412944555283,0.8148175813257694,False,True,2,0,17,2,True,False
sample00427,B seen ≠ proxy,1.0,0.824842095375061,0.33377471566200256,0.49106737971305847,False,False,1,0,16,0,True,False
sample00428,B seen ≠ proxy,1.0,0.8893853425979614,0.02067631110548973,0.8687090314924717,False,False,1,0,10,0,True,False
sample00429,B seen ≠ proxy,1.0,0.9171832799911499,0.021627316251397133,0.8955559637397528,False,False,1,0,5,0,True,False
sample00430,B seen ≠ proxy,0.6,0.9542232751846313,0.05336763709783554,0.9008556380867958,False,False,1,0,17,0,True,False
sample00431,B seen ≠ proxy,1.0,0.9068863987922668,0.05856696143746376,0.8483194373548031,False,False,1,0,13,0,True,False
sample00432,B seen ≠ proxy,0.6666666666666666,0.9632369875907898,0.08672448247671127,0.8765125051140785,False,False,1,0,14,0,True,False
sample00433,B seen ≠ proxy,1.0,0.969562828540802,0.07744446396827698,0.892118364572525,False,False,1,0,12,0,True,False
sample00434,B seen ≠ proxy,0.9230769230769231,0.9617677927017212,0.0303170345723629,0.9314507581293583,False,False,1,0,7,0,True,False
sample00435,B seen ≠ proxy,1.0,0.8351607918739319,0.08199331164360046,0.7531674802303314,False,True,2,0,21,5,True,False
sample00436,B seen = proxy,1.0,0.8953346014022827,0.06273994594812393,0.8325946554541588,False,True,2,1,14,1,True,True
sample00437,B seen ≠ proxy,1.0,0.7539737224578857,-0.012927776202559471,0.7669014986604452,False,False,1,0,14,0,True,False
sample00438,B seen ≠ proxy,0.8333333333333334,0.6423274278640747,-0.001943156123161316,0.644270583987236,False,False,1,0,26,0,True,False
sample00439,B seen ≠ proxy,0.875,0.8236484527587891,0.06102722883224487,0.7626212239265442,False,False,1,0,7,0,True,False
sample00440,uncertain,0.9,0.5452370643615723,-0.013028733432292938,0.5582657977938652,False,False,1,0,6,0,True,False
sample00441,B seen = proxy,1.0,0.6829088926315308,-0.04986744374036789,0.7327763363718987,False,True,2,1,7,1,True,True
sample00442,B seen ≠ proxy,1.0,0.8459910750389099,-0.003213968127965927,0.8492050431668758,False,False,1,0,9,0,True,False
sample00443,B seen ≠ proxy,1.0,0.719222366809845,0.03562110662460327,0.6836012601852417,False,False,1,0,12,0,True,False
sample00444,B seen ≠ proxy,1.0,0.9341083765029907,0.0310467928647995,0.9030615836381912,False,False,1,0,11,0,True,False
sample00445,B seen ≠ proxy,1.0,0.9315122365951538,0.034354317933321,0.8971579186618328,False,False,1,0,9,0,True,False
sample00446,B seen ≠ proxy,1.0,0.8571679592132568,0.018952174112200737,0.8382157851010561,False,False,1,0,7,0,True,False
sample00447,B seen ≠ proxy,1.0,0.931572437286377,0.00738108716905117,0.9241913501173258,False,False,1,0,5,0,True,False
sample00448,B seen ≠ proxy,1.0,0.9729853272438049,0.013219261541962624,0.9597660657018423,False,False,1,0,6,0,True,False
sample00449,B seen ≠ proxy,0.9375,0.6283895969390869,-0.05356185883283615,0.6819514557719231,False,False,1,0,7,0,True,False
sample00450,B seen ≠ proxy,1.0,0.655951738357544,0.4192006587982178,0.23675107955932617,False,True,3,3,0,5,True,False
sample00451,B seen ≠ proxy,0.875,0.7635336518287659,0.3385881185531616,0.42494553327560425,False,False,1,0,16,0,True,False
sample00452,B seen = proxy,0.875,0.9121493101119995,0.17168785631656647,0.740461453795433,False,True,2,1,7,1,True,True
sample00453,B seen = proxy,1.0,0.9694991111755371,0.08735810220241547,0.8821410089731216,False,True,2,1,7,1,True,True
sample00454,B not seen,1.0,0.024280574172735214,-1.0,1.0242805741727352,True,False,1,0,0,0,False,False
sample00455,B seen ≠ proxy,1.0,0.9116533994674683,0.06943589448928833,0.8422175049781799,False,False,1,0,11,0,True,False
sample00456,B seen ≠ proxy,0.8571428571428571,0.9320879578590393,0.032053302973508835,0.9000346548855305,False,False,1,0,6,0,True,False
sample00457,B seen = proxy,1.0,0.7170879244804382,0.02871713973581791,0.6883707847446203,False,True,2,2,20,2,True,True
sample00458,B seen ≠ proxy,1.0,0.7058974504470825,0.3635469079017639,0.3423505425453186,False,False,1,0,11,0,True,False
sample00459,B seen ≠ proxy,1.0,0.8765245676040649,0.06763967126607895,0.808884896337986,False,False,1,0,7,0,True,False
sample00460,B seen ≠ proxy,0.8125,0.7468410134315491,0.042436737567186356,0.7044042758643627,False,False,1,0,5,0,True,False
sample00461,B not seen,1.0,-0.002722271718084812,-0.004482284188270569,0.0017600124701857567,False,True,4,0,0,4,False,False
sample00462,B seen ≠ proxy,0.9,0.8945191502571106,0.009717969223856926,0.8848011810332537,False,False,1,0,9,0,True,False
sample00463,B seen ≠ proxy,1.0,0.8528202772140503,-0.019028693437576294,0.8718489706516266,False,False,1,0,28,0,True,False
sample00464,B not seen,1.0,0.1093769446015358,-0.017088519409298897,0.1264654640108347,False,True,2,0,0,7,False,False
sample00465,B seen ≠ proxy,1.0,0.8136940002441406,-0.015847686678171158,0.8295416869223118,False,False,1,0,12,0,True,False
sample00466,B seen = proxy,1.0,0.768377423286438,0.3247166872024536,0.4436607360839844,False,True,6,4,12,4,True,True
sample00467,B seen ≠ proxy,1.0,0.862541913986206,0.2505914568901062,0.6119504570960999,False,True,2,0,10,6,True,False
sample00468,B not seen,1.0,0.029872726649045944,0.0038935206830501556,0.02597920596599579,False,True,2,0,0,1,False,False
sample00469,B seen ≠ proxy,1.0,0.5808643102645874,0.4567453861236572,0.12411892414093018,False,True,2,0,6,11,True,False
sample00470,B seen ≠ proxy,1.0,0.9471661448478699,-0.02077777311205864,0.9679439179599285,False,False,1,0,7,0,True,False
sample00471,B seen = proxy,1.0,0.8177725076675415,-0.0024515697732567787,0.8202240774407983,False,True,2,3,9,3,True,True
sample00472,B seen ≠ proxy,1.0,0.9028381705284119,-0.017331592738628387,0.9201697632670403,False,False,1,0,11,0,True,False
sample00473,B not seen,1.0,0.03538563847541809,-0.04150436073541641,0.0768899992108345,False,True,3,0,0,1,False,False
sample00474,B seen ≠ proxy,1.0,0.7773827314376831,0.4104081988334656,0.36697453260421753,False,True,2,0,8,6,True,False
sample00475,B seen ≠ proxy,1.0,0.89286208152771,0.3644123077392578,0.5284497737884521,False,False,1,0,6,0,True,False
sample00476,B not seen,0.8333333333333334,0.09864357858896255,0.0587308369576931,0.039912741631269455,True,True,3,0,0,2,False,False
sample00477,B seen = proxy,1.0,0.8169956207275391,0.3877977728843689,0.42919784784317017,False,True,2,1,9,1,True,True
sample00478,B seen ≠ proxy,1.0,0.8473901748657227,0.05354897305369377,0.7938412018120289,False,False,1,0,5,0,True,False
sample00479,B seen ≠ proxy,0.9,0.9120756983757019,-0.02905120514333248,0.9411269035190344,False,False,1,0,24,0,True,False
sample00480,B not seen,1.0,-0.017968012019991875,-1.0,0.9820319879800081,True,False,1,0,0,0,False,False
sample00481,B seen ≠ proxy,0.8888888888888888,0.9583452939987183,0.07983440160751343,0.8785108923912048,False,False,1,0,7,0,True,False
sample00482,B seen = proxy,1.0,0.9016901254653931,0.08244616538286209,0.819243960082531,False,True,2,1,7,1,True,True
sample00483,B seen ≠ proxy,0.8888888888888888,0.9655569195747375,0.07417017221450806,0.8913867473602295,False,False,1,0,8,0,True,False
sample00484,B seen = proxy,1.0,0.8149673938751221,0.03630312904715538,0.7786642648279667,False,True,2,1,9,1,True,True
sample00485,B seen ≠ proxy,0.8571428571428571,0.9405730962753296,0.07989439368247986,0.8606787025928497,False,False,1,0,8,0,True,False
sample00486,B seen ≠ proxy,1.0,0.7927267551422119,0.008179910480976105,0.7845468446612358,False,False,1,0,14,0,True,False
sample00487,B seen = proxy,1.0,0.696603536605835,0.018356001004576683,0.6782475356012583,False,True,2,1,11,1,True,True
sample00488,B seen ≠ proxy,0.75,0.9466410279273987,-0.07159408926963806,1.0182351171970367,False,False,1,0,12,0,True,False
sample00489,B seen ≠ proxy,1.0,0.9112716913223267,-0.032843008637428284,0.9441146999597549,False,False,1,0,11,0,True,False
sample00490,uncertain,0.5454545454545454,0.8842040300369263,0.00477653369307518,0.8794274963438511,True,False,1,6,0,0,False,False
sample00491,B seen ≠ proxy,0.75,0.8751876354217529,0.052593279629945755,0.8225943557918072,False,True,2,0,9,5,True,False
sample00492,B seen ≠ proxy,1.0,0.9048137664794922,0.09742851555347443,0.8073852509260178,False,True,2,0,3,10,True,False
sample00493,B not seen,0.9,0.21419963240623474,0.1193467453122139,0.09485288709402084,False,True,3,0,0,1,False,False
sample00494,B seen ≠ proxy,0.6666666666666666,0.8684381246566772,-0.043792836368083954,0.9122309610247612,False,False,1,0,10,0,True,False
sample00495,B seen ≠ proxy,1.0,0.7527730464935303,0.02773624286055565,0.7250368036329746,False,True,3,5,13,10,True,False
sample00496,B seen ≠ proxy,0.8666666666666667,0.9110307097434998,0.15097755193710327,0.7600531578063965,False,True,3,0,6,1,True,False
sample00497,B seen = proxy,0.8,0.8908015489578247,0.08644621074199677,0.8043553382158279,False,True,7,5,14,5,True,True
sample00498,B seen ≠ proxy,0.7142857142857143,0.9153296947479248,0.06072534620761871,0.8546043485403061,False,True,5,1,7,2,True,False
sample00499,B seen ≠ proxy,1.0,0.8271074891090393,0.09871277213096619,0.7283947169780731,False,True,6,4,9,4,True,False
sample00500,B seen ≠ proxy,0.8571428571428571,0.8185461759567261,0.08086248487234116,0.7376836910843849,False,True,2,0,11,1,True,False
sample00501,B not seen,1.0,0.08553542196750641,0.014437670819461346,0.07109775114804506,True,False,1,0,0,0,False,False
sample00502,B seen ≠ proxy,0.6875,0.8198415040969849,0.0858842208981514,0.7339572831988335,False,False,1,0,5,0,True,False
sample00503,B seen = proxy,0.5,0.8119701743125916,0.005280332639813423,0.8066898416727781,False,True,2,5,7,5,True,True
sample00504,B seen ≠ proxy,0.75,0.7469359040260315,0.018242618069052696,0.7286932859569788,False,True,2,0,4,2,True,False
sample00505,B seen ≠ proxy,1.0,0.8203396797180176,0.015362534672021866,0.8049771450459957,False,True,5,1,23,6,True,False
sample00506,uncertain,1.0,0.5114957094192505,0.05069832503795624,0.46079738438129425,False,False,1,0,6,0,True,False
sample00507,B seen ≠ proxy,1.0,0.9370995163917542,-0.02089056372642517,0.9579900801181793,False,False,1,0,10,0,True,False
sample00508,B seen ≠ proxy,0.75,0.7350987195968628,-0.050906162708997726,0.7860048823058605,False,False,1,0,10,0,True,False
sample00509,B seen ≠ proxy,1.0,0.7467747926712036,0.008513102307915688,0.7382616903632879,False,False,1,0,10,0,True,False
sample00510,B seen ≠ proxy,0.6666666666666666,0.9162760376930237,0.01180248148739338,0.9044735562056303,False,False,1,0,17,0,True,False
sample00511,B seen ≠ proxy,0.9,0.9126502871513367,0.05546484887599945,0.8571854382753372,False,True,3,5,17,5,True,False
sample00512,B seen ≠ proxy,1.0,0.8554421663284302,0.03654913231730461,0.8188930340111256,False,False,1,0,7,0,True,False
sample00513,uncertain,1.0,0.500928521156311,0.05929011106491089,0.44163841009140015,True,False,1,9,13,0,False,False
sample00514,B seen ≠ proxy,1.0,0.9220317602157593,0.4043152630329132,0.5177164971828461,False,True,4,3,16,9,True,False
sample00515,B seen ≠ proxy,1.0,0.953535795211792,-0.021552063524723053,0.975087858736515,False,False,1,0,6,0,True,False
sample00516,B not seen,0.9230769230769231,-0.009988639503717422,-1.0,0.9900113604962826,True,False,1,0,0,0,False,False
sample00517,B seen ≠ proxy,1.0,0.787614107131958,-0.049086686223745346,0.8367007933557034,False,False,1,0,7,0,True,False
sample00518,B seen ≠ proxy,1.0,0.674582302570343,-0.023592321202158928,0.698174623772502,False,False,1,0,15,0,True,False
sample00519,B seen ≠ proxy,0.7,0.9565694332122803,0.02212635613977909,0.9344430770725012,False,False,1,0,16,0,True,False
sample00520,B seen = proxy,1.0,0.8727802038192749,-0.005866756662726402,0.8786469604820013,False,True,2,3,12,3,True,True
sample00521,B seen ≠ proxy,0.75,0.8931697607040405,-0.02589341625571251,0.919063176959753,False,False,1,0,12,0,True,False
sample00522,B seen ≠ proxy,0.7272727272727273,0.8660187125205994,0.04320867359638214,0.8228100389242172,False,False,1,0,7,0,True,False
sample00523,B not seen,0.875,0.39177727699279785,0.008096258156001568,0.3836810188367963,False,False,1,0,0,0,False,False
sample00524,B seen = proxy,1.0,0.8609110116958618,0.06157878786325455,0.7993322238326073,False,True,2,4,17,4,True,True
sample00525,B seen ≠ proxy,1.0,0.8946962952613831,0.06630611419677734,0.8283901810646057,False,False,1,0,13,0,True,False
sample00526,B seen ≠ proxy,1.0,0.783052921295166,0.03830938786268234,0.7447435334324837,False,False,1,0,16,0,True,False
sample00527,uncertain,1.0,0.5340355634689331,0.09645924717187881,0.4375763162970543,False,False,1,0,4,0,True,False
sample00528,B seen = proxy,1.0,0.8847664594650269,-0.03788632154464722,0.9226527810096741,False,True,2,3,0,3,True,True
sample00529,B seen ≠ proxy,1.0,0.6780217885971069,-0.013588057830929756,0.6916098464280367,False,False,1,0,8,0,True,False
sample00530,B seen ≠ proxy,1.0,0.9774398803710938,-0.002300642430782318,0.9797405228018761,False,False,1,0,15,0,True,False
sample00531,B seen ≠ proxy,1.0,0.7876969575881958,0.4015278220176697,0.3861691355705261,False,True,2,0,6,10,True,False
sample00532,B seen ≠ proxy,1.0,0.9610602259635925,0.1498345285654068,0.8112256973981857,False,True,2,0,14,5,True,False
sample00533,B seen = proxy,1.0,0.7282717227935791,0.05824577435851097,0.6700259484350681,False,True,2,3,15,3,True,True
sample00534,B seen = proxy,1.0,0.841670036315918,0.03476879745721817,0.8069012388586998,False,True,2,3,3,3,True,True
sample00535,B seen ≠ proxy,0.875,0.8397341966629028,0.30686429142951965,0.5328699052333832,False,True,3,0,6,10,True,False
sample00536,B seen = proxy,0.7,0.7025994062423706,-0.004983304999768734,0.7075827112421393,False,True,2,1,13,1,True,True
sample00537,B not seen,0.8,0.03093414194881916,-1.0,1.0309341419488192,True,False,1,0,0,0,False,False
sample00538,B seen ≠ proxy,1.0,0.8398209810256958,0.06278413534164429,0.7770368456840515,False,False,1,0,18,0,True,False
sample00539,B seen ≠ proxy,1.0,0.8810330629348755,0.024443168193101883,0.8565898947417736,False,False,1,0,9,0,True,False
sample00540,B seen ≠ proxy,1.0,0.8067117929458618,0.039962466806173325,0.7667493261396885,False,False,1,0,11,0,True,False
sample00541,B seen ≠ proxy,1.0,0.9821968674659729,0.032050251960754395,0.9501466155052185,False,False,1,0,14,0,True,False
sample00542,B not seen,1.0,0.05807031691074371,-1.0,1.0580703169107437,True,False,1,0,0,0,False,False
sample00543,B not seen,1.0,0.0477832593023777,-1.0,1.0477832593023777,True,False,1,0,0,0,False,False
sample00544,B seen ≠ proxy,1.0,0.8270629048347473,0.03656971454620361,0.7904931902885437,False,False,1,0,16,0,True,False
sample00545,B seen ≠ proxy,1.0,0.6648465394973755,0.0018619243055582047,0.6629846151918173,False,False,1,0,10,0,True,False
sample00546,B seen ≠ proxy,1.0,0.924328088760376,-0.014067405834794044,0.93839549459517,False,False,1,0,9,0,True,False
sample00547,B not seen,1.0,-0.0003342055715620518,-1.0,0.999665794428438,True,False,1,0,0,0,False,False
sample00548,B seen ≠ proxy,1.0,0.9259440898895264,-0.03026735410094261,0.956211443990469,False,False,1,0,22,0,True,False
sample00549,B not seen,1.0,0.24716883897781372,0.04095480963587761,0.2062140293419361,True,True,2,0,0,7,False,False
sample00550,B seen ≠ proxy,1.0,0.6579892039299011,0.37592563033103943,0.2820635735988617,False,True,4,2,9,11,True,False
sample00551,B not seen,1.0,-0.0889313668012619,-1.0,0.9110686331987381,True,False,1,0,0,0,False,False
sample00552,B seen ≠ proxy,1.0,0.8892726302146912,-0.004376151133328676,0.8936487813480198,False,False,1,0,26,0,True,False
sample00553,B seen ≠ proxy,1.0,0.895017147064209,-0.07134880125522614,0.9663659483194351,False,False,1,0,15,0,True,False
sample00554,B seen ≠ proxy,1.0,0.838209331035614,-0.08468233793973923,0.9228916689753532,False,False,1,0,5,0,True,False
sample00555,B seen ≠ proxy,1.0,0.9703571796417236,-0.06862497329711914,1.0389821529388428,False,False,1,0,6,0,True,False
sample00556,B not seen,1.0,-0.11358468234539032,-1.0,0.8864153176546097,True,False,1,0,0,0,False,False
sample00557,B seen ≠ proxy,0.7142857142857143,0.9287841320037842,-0.1175822764635086,1.0463664084672928,False,False,1,0,22,0,True,False
sample00558,B not seen,0.75,-0.031003644689917564,-1.0,0.9689963553100824,True,False,1,0,0,0,False,False
sample00559,B not seen,1.0,-0.06111658364534378,-0.07708428800106049,0.015967704355716705,True,False,1,0,0,0,False,False
sample00560,B seen ≠ proxy,0.5714285714285714,0.84422767162323,0.015072047710418701,0.8291556239128113,False,True,3,1,12,3,True,False
sample00561,B seen ≠ proxy,0.8571428571428571,0.8730959892272949,0.0488341860473156,0.8242618031799793,False,False,1,0,4,0,True,False
sample00562,B seen = proxy,1.0,0.8920229077339172,0.06638479977846146,0.8256381079554558,False,True,3,1,13,1,True,True
sample00563,B seen ≠ proxy,0.5714285714285714,0.976363480091095,0.07576288282871246,0.9006005972623825,False,False,1,0,6,0,True,False
sample00564,B seen ≠ proxy,1.0,0.9125163555145264,0.02726641669869423,0.8852499388158321,False,False,1,0,13,0,True,False
sample00565,B seen ≠ proxy,1.0,0.9430060982704163,0.059134140610694885,0.8838719576597214,False,True,4,0,4,2,True,False
sample00566,B seen ≠ proxy,1.0,0.8321188688278198,-0.02661130204796791,0.8587301708757877,False,False,1,0,13,0,True,False
sample00567,B seen ≠ proxy,0.75,0.6602766513824463,0.038629524409770966,0.6216471269726753,False,False,1,0,4,0,True,False
sample00568,B seen ≠ proxy,1.0,0.8062089681625366,0.15347878634929657,0.65273018181324,False,True,6,2,14,3,True,False
sample00569,B seen ≠ proxy,0.7857142857142857,0.9067743420600891,-0.0005094055086374283,0.9072837475687265,False,False,1,0,6,0,True,False
sample00570,B seen ≠ proxy,0.8,0.8738032579421997,-0.023590771481394768,0.8973940294235945,False,False,1,0,10,0,True,False
sample00571,B seen = proxy,1.0,0.9491999745368958,-0.01947719417512417,0.9686771687120199,False,True,2,2,9,2,True,True
sample00572,B seen = proxy,1.0,0.964538037776947,0.04283760488033295,0.9217004328966141,False,True,2,4,3,4,True,True
sample00573,B seen ≠ proxy,1.0,0.9446554183959961,0.3646160662174225,0.5800393521785736,False,True,2,0,12,12,True,False
sample00574,B seen = proxy,1.0,0.7491471171379089,0.060151681303977966,0.688995435833931,False,True,2,1,17,1,True,True
sample00575,B seen ≠ proxy,1.0,0.9213721752166748,0.3514699339866638,0.569902241230011,False,True,2,0,3,4,True,False
sample00576,B seen ≠ proxy,1.0,0.8780299425125122,0.10785248875617981,0.7701774537563324,False,False,1,0,11,0,True,False
sample00577,B seen = proxy,0.8333333333333334,0.850985586643219,0.06432031095027924,0.7866652756929398,False,True,2,1,14,1,True,True
sample00578,B seen ≠ proxy,1.0,0.9126105308532715,0.10927943140268326,0.8033310994505882,False,False,1,0,1,0,True,False
sample00579,B seen ≠ proxy,1.0,0.9329898357391357,0.10391168296337128,0.8290781527757645,False,False,1,0,25,0,True,False
sample00580,B seen = proxy,1.0,0.8936015963554382,0.10154423117637634,0.7920573651790619,False,True,2,1,13,1,True,True
sample00581,B seen = proxy,0.625,0.9089623689651489,0.09634868800640106,0.8126136809587479,False,True,2,1,0,1,True,True
sample00582,B seen = proxy,0.9166666666666666,0.8430312871932983,0.6042798757553101,0.23875141143798828,False,True,2,3,11,3,True,True
sample00583,B seen = proxy,1.0,0.8101199865341187,0.021873636171221733,0.7882463503628969,False,True,2,1,10,1,True,True
sample00584,B seen ≠ proxy,1.0,0.9120103120803833,-0.06453163921833038,0.9765419512987137,False,False,1,0,13,0,True,False
sample00585,B seen ≠ proxy,0.6666666666666666,0.8541781306266785,-0.07337786257266998,0.9275559931993484,False,False,1,0,9,0,True,False
sample00586,B seen = proxy,1.0,0.866081714630127,0.48766863346099854,0.3784130811691284,False,True,2,1,5,1,True,True
sample00587,B seen ≠ proxy,1.0,0.958726167678833,-0.039998382329940796,0.9987245500087738,False,False,1,0,9,0,True,False
sample00588,B seen ≠ proxy,1.0,0.9564229249954224,-0.030907366424798965,0.9873302914202213,False,False,1,0,8,0,True,False
sample00589,B not seen,1.0,0.09359073638916016,0.07523936033248901,0.018351376056671143,False,False,1,0,0,0,False,False
sample00590,B seen ≠ proxy,1.0,0.7061936259269714,-0.007681790739297867,0.7138754166662693,False,False,1,0,5,0,True,False
sample00591,B seen ≠ proxy,1.0,0.7544742822647095,0.0037365183234214783,0.750737763941288,False,False,1,0,7,0,True,False
sample00592,B seen ≠ proxy,0.6,0.7259812951087952,-0.02119351178407669,0.7471748068928719,False,False,1,0,18,0,True,False
sample00593,B not seen,1.0,0.054935894906520844,-1.0,1.0549358949065208,True,False,1,0,0,0,False,False
sample00594,B seen ≠ proxy,1.0,0.8644688129425049,0.01215694285929203,0.8523118700832129,False,False,1,0,14,0,True,False
sample00595,B seen ≠ proxy,0.6363636363636364,0.9589003920555115,0.021034130826592445,0.937866261228919,False,False,1,0,12,0,True,False
sample00596,B seen = proxy,0.9090909090909091,0.9832355976104736,0.017505308613181114,0.9657302889972925,False,True,2,1,12,1,True,True
sample00597,B seen ≠ proxy,0.8,0.9392490983009338,0.006082545034587383,0.9331665532663465,False,False,1,0,9,0,True,False
sample00598,B seen ≠ proxy,0.8571428571428571,0.7456998825073242,0.10919702798128128,0.6365028545260429,False,False,1,0,1,0,True,False
sample00599,B seen = proxy,1.0,0.9528908729553223,0.09418026357889175,0.8587106093764305,False,True,2,3,13,3,True,True
sample00600,B seen = proxy,1.0,0.9325635433197021,0.1184196025133133,0.8141439408063889,False,True,2,2,0,2,True,True
sample00601,B seen ≠ proxy,0.8,0.9413672685623169,0.09018824994564056,0.8511790186166763,False,False,1,0,14,0,True,False
sample00602,B seen = proxy,1.0,0.9257234334945679,0.0068192314356565475,0.9189042020589113,False,True,2,1,6,1,True,True
sample00603,B seen ≠ proxy,1.0,0.9436109662055969,0.014929656870663166,0.9286813093349338,False,False,1,0,7,0,True,False
sample00604,B seen ≠ proxy,1.0,0.7548387050628662,0.07870599627494812,0.6761327087879181,False,False,1,0,13,0,True,False
sample00605,B seen ≠ proxy,1.0,0.7642745971679688,0.03244435787200928,0.7318302392959595,False,False,1,0,4,0,True,False
sample00606,B seen ≠ proxy,1.0,0.7438571453094482,-0.001654519233852625,0.7455116645433009,False,False,1,0,11,0,True,False
sample00607,B seen = proxy,0.8,0.878169059753418,0.08643359690904617,0.7917354628443718,False,True,2,1,17,1,True,True
sample00608,B seen = proxy,0.75,0.9126266241073608,0.3671838343143463,0.5454427897930145,False,True,2,1,6,1,True,True
sample00609,B seen = proxy,0.8,0.785651683807373,0.07434143126010895,0.7113102525472641,False,True,2,1,4,1,True,True
sample00610,B seen = proxy,1.0,0.897312581539154,0.07715566456317902,0.820156916975975,False,True,2,1,6,1,True,True
sample00611,B seen ≠ proxy,0.8571428571428571,0.6083776950836182,0.2746005058288574,0.33377718925476074,False,True,10,1,14,2,True,False
sample00612,B seen ≠ proxy,1.0,0.9124456644058228,0.43046125769615173,0.481984406709671,False,True,3,1,0,3,True,False
sample00613,B seen = proxy,0.9285714285714286,0.967135488986969,0.039696477353572845,0.9274390116333961,False,True,2,5,6,5,True,True
sample00614,B seen = proxy,0.8571428571428571,0.8354836106300354,-0.026549436151981354,0.8620330467820168,False,True,2,1,10,1,True,True
sample00615,B seen = proxy,0.8333333333333334,0.8601297736167908,0.05655087158083916,0.8035789020359516,False,True,2,1,7,1,True,True
sample00616,B seen = proxy,0.8,0.8823901414871216,0.06092211604118347,0.8214680254459381,False,True,2,1,5,1,True,True
sample00617,B seen = proxy,1.0,0.9075593948364258,-0.06297854334115982,0.9705379381775856,False,True,2,1,15,1,True,True
sample00618,B seen ≠ proxy,0.8888888888888888,0.8325453996658325,0.047871872782707214,0.7846735268831253,False,False,1,0,14,0,True,False
sample00619,B seen = proxy,1.0,0.8206506967544556,0.07442045211791992,0.7462302446365356,False,True,2,1,8,1,True,True
sample00620,B seen ≠ proxy,0.9,0.7501104474067688,0.4082258343696594,0.3418846130371094,False,False,1,0,3,0,True,False
sample00621,B seen = proxy,0.8888888888888888,0.8590841293334961,-0.02268357388675213,0.8817677032202482,False,True,2,1,4,1,True,True
sample00622,B seen = proxy,0.9230769230769231,0.8659773468971252,0.012008417397737503,0.8539689294993877,False,True,2,1,6,1,True,True
sample00623,B seen = proxy,0.9090909090909091,0.868559718132019,0.026305411010980606,0.8422543071210384,False,True,2,1,14,1,True,True
sample00624,B seen = proxy,0.8571428571428571,0.915004551410675,0.02885783463716507,0.88614671677351,False,True,2,1,13,1,True,True
sample00625,B seen = proxy,0.9285714285714286,0.6469811201095581,0.07747131586074829,0.5695098042488098,False,True,2,1,11,1,True,True
sample00626,B seen = proxy,0.9090909090909091,0.957099974155426,0.08079201728105545,0.8763079568743706,False,True,2,1,7,1,True,True
sample00627,B seen = proxy,0.8571428571428571,0.8645569086074829,0.05249595642089844,0.8120609521865845,False,True,2,1,14,1,True,True
sample00628,B seen = proxy,0.8888888888888888,0.8903738856315613,0.09329992532730103,0.7970739603042603,False,True,2,1,11,1,True,True
sample00629,B seen = proxy,0.8,0.8754520416259766,0.06718498468399048,0.8082670569419861,False,True,2,1,7,1,True,True
sample00630,B seen = proxy,0.75,0.9272007942199707,0.06660827249288559,0.8605925217270851,False,True,2,1,9,1,True,True
sample00631,B seen = proxy,0.8,0.8796550035476685,0.571679413318634,0.3079755902290344,False,True,2,1,3,1,True,True
sample00632,B seen = proxy,1.0,0.9156500101089478,0.08631525188684464,0.8293347582221031,False,True,3,1,4,1,True,True
sample00633,B seen = proxy,0.8333333333333334,0.9334136843681335,0.42965465784072876,0.5037590265274048,False,True,2,1,0,1,True,True
sample00634,B seen = proxy,0.75,0.7965079545974731,0.43636763095855713,0.360140323638916,False,True,2,1,15,1,True,True
sample00635,B seen = proxy,1.0,0.8421301245689392,-0.051528554409742355,0.8936586789786816,False,True,2,1,6,1,True,True
sample00636,B seen = proxy,0.9333333333333333,0.680408775806427,0.22447440028190613,0.4559343755245209,False,True,2,1,1,1,True,True
sample00637,B seen = proxy,0.75,0.9457539319992065,-0.003705773502588272,0.9494597055017948,False,True,2,1,14,1,True,True
sample00638,B seen = proxy,1.0,0.7963917255401611,-0.0028864797204732895,0.7992782052606344,False,True,2,2,3,2,True,True
sample00639,B seen = proxy,0.7857142857142857,0.8825821876525879,0.05700508877635002,0.8255770988762379,False,True,2,1,7,1,True,True
sample00640,B seen = proxy,0.75,0.852085530757904,-0.0021674111485481262,0.8542529419064522,False,True,2,1,8,1,True,True
sample00641,B seen ≠ proxy,1.0,0.8637284636497498,-0.0531810000538826,0.9169094637036324,False,False,1,0,5,0,True,False
sample00642,B seen = proxy,0.8,0.8163183927536011,0.04552222788333893,0.7707961648702621,False,True,2,1,6,1,True,True
sample00643,B seen = proxy,0.75,0.8330828547477722,0.043898992240428925,0.7891838625073433,False,True,2,1,5,1,True,True
sample00644,B seen = proxy,0.8,0.7706724405288696,0.002141164615750313,0.7685312759131193,False,True,2,1,3,1,True,True
sample00645,B seen = proxy,0.8333333333333334,0.9118883609771729,-0.04208771511912346,0.9539760760962963,False,True,2,1,5,1,True,True
sample00646,B seen ≠ proxy,1.0,0.8633254170417786,-0.011863374151289463,0.875188791193068,False,False,1,0,17,0,True,False
sample00647,B seen ≠ proxy,1.0,0.9248723983764648,-0.005428018048405647,0.9303004164248705,False,True,3,1,16,1,True,False
sample00648,B not seen,0.8235294117647058,0.016599195078015327,-0.08556348085403442,0.10216267593204975,True,True,2,0,0,7,False,False
sample00649,B seen ≠ proxy,1.0,0.8687286376953125,-0.04734768718481064,0.9160763248801231,False,False,1,0,9,0,True,False
sample00650,B seen ≠ proxy,1.0,0.9476175308227539,-0.08653108775615692,1.0341486185789108,False,False,1,0,11,0,True,False
sample00651,B seen ≠ proxy,0.8,0.852257490158081,-0.051617950201034546,0.9038754403591156,False,False,1,0,4,0,True,False
sample00652,B seen = proxy,1.0,0.9196458458900452,-0.08763529360294342,1.0072811394929886,False,True,2,2,6,2,True,True
sample00653,B seen ≠ proxy,0.75,0.9220407009124756,0.07009278982877731,0.8519479110836983,False,True,4,0,8,3,True,False
sample00654,B seen ≠ proxy,0.9230769230769231,0.8482294082641602,0.013200607150793076,0.8350288011133671,False,False,1,0,7,0,True,False
sample00655,B seen ≠ proxy,0.8571428571428571,0.8650019764900208,-0.07432384788990021,0.939325824379921,False,False,1,0,6,0,True,False
sample00656,B seen ≠ proxy,0.875,0.8904619216918945,-0.02161409892141819,0.9120760206133127,False,False,1,0,9,0,True,False
sample00657,B not seen,1.0,-0.01633812114596367,-1.0,0.9836618788540363,True,False,1,0,0,0,False,False
sample00658,B not seen,0.9230769230769231,0.049998365342617035,-1.0,1.049998365342617,True,False,1,0,0,0,False,False
sample00659,B seen = proxy,0.9,0.9707695245742798,0.005548684857785702,0.9652208397164941,False,True,2,2,12,2,True,True
sample00660,B seen = proxy,0.9090909090909091,0.9404031038284302,0.06309586763381958,0.8773072361946106,False,True,2,1,12,1,True,True
sample00661,B not seen,1.0,0.005147222429513931,0.00419512577354908,0.0009520966559648514,False,True,2,0,0,1,False,False
sample00662,B seen ≠ proxy,1.0,0.742851972579956,0.43630844354629517,0.3065435290336609,False,False,1,0,5,0,True,False
sample00663,B seen ≠ proxy,1.0,0.8148249387741089,0.0010500773787498474,0.813774861395359,False,False,1,0,22,0,True,False
sample00664,B seen ≠ proxy,1.0,0.8691838383674622,-0.01626007631421089,0.885443914681673,False,True,2,0,14,1,True,False
sample00665,B seen ≠ proxy,0.8,0.7790322303771973,-0.04994819313287735,0.8289804235100746,False,False,1,0,5,0,True,False
sample00666,B seen = proxy,0.8571428571428571,0.8749572038650513,-0.03519534319639206,0.9101525470614433,False,True,2,1,7,1,True,True
sample00667,B seen ≠ proxy,1.0,0.9206950664520264,-0.030843844637274742,0.9515389110893011,False,False,1,0,8,0,True,False
sample00668,B seen ≠ proxy,1.0,0.9402923583984375,-0.054031167179346085,0.9943235255777836,False,False,1,0,6,0,True,False
sample00669,B seen = proxy,0.8333333333333334,0.826668918132782,0.02914317138493061,0.7975257467478514,False,True,2,1,17,1,True,True
sample00670,B seen = proxy,0.8461538461538461,0.9415327310562134,0.008792862296104431,0.932739868760109,False,True,2,1,11,1,True,True
sample00671,B seen = proxy,0.875,0.970489501953125,0.005144845694303513,0.9653446562588215,False,True,2,2,6,2,True,True
sample00672,B seen = proxy,0.9090909090909091,0.9783383011817932,0.002095472067594528,0.9762428291141987,False,True,2,1,12,1,True,True
sample00673,B seen = proxy,0.8571428571428571,0.9798787832260132,0.00767950713634491,0.9721992760896683,False,True,2,1,9,1,True,True
sample00674,B seen = proxy,1.0,0.8894575238227844,0.04512346535921097,0.8443340584635735,False,True,2,1,11,1,True,True
sample00675,B seen ≠ proxy,0.8571428571428571,0.821469247341156,0.23263639211654663,0.5888328552246094,False,False,1,0,7,0,True,False
sample00676,B seen ≠ proxy,1.0,0.5560545921325684,0.3481546640396118,0.20789992809295654,False,True,5,0,4,3,True,False
sample00677,B not seen,0.8333333333333334,0.05710798501968384,-1.0,1.0571079850196838,True,False,1,0,0,0,False,False
sample00678,B not seen,0.9,0.07656393945217133,-1.0,1.0765639394521713,True,False,1,0,0,0,False,False
sample00679,B seen ≠ proxy,0.75,0.8605772256851196,0.1085481122136116,0.752029113471508,False,False,1,0,9,0,True,False
sample00680,B seen ≠ proxy,1.0,0.8586686253547668,0.08522450178861618,0.7734441235661507,False,False,1,0,6,0,True,False
sample00681,B seen ≠ proxy,0.8571428571428571,0.86158287525177,0.06788191199302673,0.7937009632587433,False,False,1,0,15,0,True,False
sample00682,B seen ≠ proxy,1.0,0.6959207057952881,0.1358577311038971,0.560062974691391,False,False,1,0,1,0,True,False
sample00683,B seen ≠ proxy,1.0,0.9190040826797485,0.11217348277568817,0.8068305999040604,False,True,4,0,5,5,True,False
sample00684,B not seen,1.0,0.10812301188707352,0.04523656517267227,0.06288644671440125,False,True,6,0,0,7,False,False
sample00685,B seen = proxy,1.0,0.7962372303009033,0.002704199403524399,0.7935330308973789,False,True,3,1,15,1,True,True
sample00686,B seen ≠ proxy,1.0,0.9330467581748962,0.05349109321832657,0.8795556649565697,False,False,1,0,9,0,True,False
sample00687,B seen ≠ proxy,0.9230769230769231,0.9127428531646729,0.1254468858242035,0.7872959673404694,False,True,2,0,11,1,True,False
sample00688,B seen = proxy,1.0,0.8858853578567505,0.05378313362598419,0.8321022242307663,False,True,2,1,6,1,True,True
sample00689,B seen ≠ proxy,0.75,0.9342586994171143,0.017072079703211784,0.9171866197139025,False,False,1,0,4,0,True,False
sample00690,B seen = proxy,1.0,0.9435579776763916,0.029878204688429832,0.9136797729879618,False,True,2,2,17,2,True,True
sample00691,B seen ≠ proxy,0.8888888888888888,0.932529091835022,0.026021603494882584,0.9065074883401394,False,False,1,0,6,0,True,False
sample00692,B seen = proxy,0.9166666666666666,0.9604646563529968,0.03397300839424133,0.9264916479587555,False,True,2,1,17,1,True,True
sample00693,B seen = proxy,1.0,0.7200099229812622,-0.023245051503181458,0.7432549744844437,False,True,2,1,8,1,True,True
sample00694,B seen ≠ proxy,1.0,0.6996937990188599,0.04006997495889664,0.6596238240599632,False,False,1,0,17,0,True,False
sample00695,B seen ≠ proxy,0.8571428571428571,0.7926023006439209,0.010491432622075081,0.7821108680218458,False,True,2,0,14,4,True,False
sample00696,B seen ≠ proxy,1.0,0.9577107429504395,-0.004561161622405052,0.9622719045728445,False,False,1,0,13,0,True,False
sample00697,B seen ≠ proxy,1.0,0.8922269344329834,0.04028436541557312,0.8519425690174103,False,False,1,0,10,0,True,False
sample00698,B seen ≠ proxy,0.8181818181818182,0.9278135299682617,0.03055376559495926,0.8972597643733025,False,False,1,0,5,0,True,False
sample00699,B seen ≠ proxy,1.0,0.653656005859375,0.01052792463451624,0.6431280812248588,False,False,1,0,8,0,True,False
sample00700,B seen ≠ proxy,1.0,0.8842424750328064,0.017660299316048622,0.8665821757167578,False,False,1,0,15,0,True,False
sample00701,B seen ≠ proxy,1.0,0.8965092897415161,0.02213853970170021,0.8743707500398159,False,False,1,0,4,0,True,False
sample00702,B seen ≠ proxy,1.0,0.9199364185333252,0.03175487369298935,0.8881815448403358,False,False,1,0,22,0,True,False
sample00703,B seen ≠ proxy,0.8571428571428571,0.9058759212493896,0.0291551873087883,0.8767207339406013,False,False,1,0,6,0,True,False
sample00704,B seen ≠ proxy,1.0,0.9141501784324646,0.007522100582718849,0.9066280778497458,False,False,1,0,11,0,True,False
sample00705,B seen ≠ proxy,1.0,0.9675611853599548,0.000792686827480793,0.966768498532474,False,False,1,0,5,0,True,False
sample00706,B seen ≠ proxy,1.0,0.9316588044166565,0.00917491689324379,0.9224838875234127,False,False,1,0,14,0,True,False
sample00707,B seen ≠ proxy,1.0,0.8893269896507263,0.031661368906497955,0.8576656207442284,False,False,1,0,10,0,True,False
sample00708,B not seen,1.0,-0.04567115753889084,-1.0,0.9543288424611092,True,False,1,0,0,0,False,False
sample00709,B seen ≠ proxy,1.0,0.76587975025177,0.055280059576034546,0.7105996906757355,False,False,1,0,8,0,True,False
sample00710,B seen ≠ proxy,1.0,0.9677382707595825,0.05227792635560036,0.9154603444039822,False,True,3,0,16,1,True,False
sample00711,B seen ≠ proxy,1.0,0.8470944166183472,0.08088965713977814,0.766204759478569,False,False,1,0,9,0,True,False
sample00712,B seen ≠ proxy,0.8571428571428571,0.8123188614845276,0.08602241426706314,0.7262964472174644,False,True,3,0,8,1,True,False
sample00713,B seen ≠ proxy,0.8333333333333334,0.6927440762519836,0.06257151067256927,0.6301725655794144,False,True,2,0,8,3,True,False
sample00714,B seen ≠ proxy,1.0,0.9160222411155701,0.04978761821985245,0.8662346228957176,False,False,1,0,11,0,True,False
sample00715,B seen ≠ proxy,0.8,0.9587517380714417,0.06324571371078491,0.8955060243606567,False,True,4,0,12,2,True,False
sample00716,B seen ≠ proxy,1.0,0.9340989589691162,0.09976090490818024,0.834338054060936,False,True,8,1,9,2,True,False
sample00717,uncertain,0.5,0.926662266254425,0.01406923308968544,0.9125930331647396,True,False,1,8,11,0,False,False
sample00718,B seen = proxy,1.0,0.847488284111023,0.1197533905506134,0.7277348935604095,False,True,3,1,7,1,True,True
sample00719,B seen ≠ proxy,0.9,0.9117515683174133,0.11831532418727875,0.7934362441301346,False,False,1,0,5,0,True,False
sample00720,B seen ≠ proxy,0.875,0.9532101154327393,0.12399131059646606,0.8292188048362732,False,True,2,0,8,5,True,False
sample00721,B seen ≠ proxy,1.0,0.9248371124267578,0.056477174162864685,0.8683599382638931,False,True,3,1,9,1,True,False
sample00722,B seen ≠ proxy,0.9090909090909091,0.908344566822052,0.020935839042067528,0.8874087277799845,False,False,1,0,6,0,True,False
sample00723,B seen ≠ proxy,0.7142857142857143,0.9301257729530334,0.019599201157689095,0.9105265717953444,False,True,2,0,6,1,True,False
sample00724,B seen ≠ proxy,0.8333333333333334,0.8318730592727661,0.027616849169135094,0.804256210103631,False,False,1,0,6,0,True,False
sample00725,B not seen,0.6666666666666666,-0.007197041064500809,-0.06901096552610397,0.061813924461603165,False,False,1,0,0,0,False,False
sample00726,B seen = proxy,0.9090909090909091,0.6167160272598267,0.5587102770805359,0.05800575017929077,False,True,2,1,3,1,True,True
sample00727,B seen = proxy,0.9090909090909091,0.9073915481567383,0.028745880350470543,0.8786456678062677,False,True,2,1,9,1,True,True
sample00728,B seen = proxy,1.0,0.9686551094055176,0.040496379137039185,0.9281587302684784,False,True,2,1,6,1,True,True
sample00729,B seen ≠ proxy,0.8,0.8484159111976624,0.08729112893342972,0.7611247822642326,False,False,1,0,11,0,True,False
sample00730,B seen = proxy,1.0,0.9795325398445129,0.05304592475295067,0.9264866150915623,False,True,2,1,8,1,True,True
sample00731,B seen ≠ proxy,1.0,0.8327239751815796,0.08949235081672668,0.7432316243648529,False,False,1,0,20,0,True,False
sample00732,B seen ≠ proxy,1.0,0.7981330156326294,0.17693865299224854,0.6211943626403809,False,False,1,0,12,0,True,False
sample00733,B seen = proxy,1.0,0.8838584423065186,-0.020883016288280487,0.904741458594799,False,True,2,4,12,4,True,True
sample00734,B seen ≠ proxy,0.8333333333333334,0.9360589981079102,-0.0142070222645998,0.95026602037251,False,False,1,0,10,0,True,False
sample00735,B seen = proxy,0.7692307692307693,0.8247917890548706,0.4693215489387512,0.3554702401161194,False,True,3,6,9,6,True,True
sample00736,B seen ≠ proxy,0.9333333333333333,0.8983505964279175,0.03656936436891556,0.8617812320590019,False,False,1,0,7,0,True,False
sample00737,B seen = proxy,1.0,0.9428368806838989,0.06403502076864243,0.8788018599152565,False,True,2,3,21,3,True,True
sample00738,uncertain,1.0,0.535178005695343,0.018607299774885178,0.5165707059204578,False,False,1,0,6,0,True,False
sample00739,B seen ≠ proxy,0.9166666666666666,0.9432021975517273,0.020577330142259598,0.9226248674094677,False,False,1,0,5,0,True,False
sample00740,B seen = proxy,0.8888888888888888,0.8304362893104553,0.02938401699066162,0.8010522723197937,False,True,2,1,24,1,True,True
sample00741,B seen ≠ proxy,0.9090909090909091,0.9445101022720337,0.018189359456300735,0.926320742815733,False,False,1,0,12,0,True,False
sample00742,B not seen,1.0,0.0353802815079689,-0.03685490041971207,0.07223518192768097,True,False,1,0,0,0,False,False
sample00743,B seen ≠ proxy,0.9166666666666666,0.9326411485671997,0.025092508643865585,0.9075486399233341,False,False,1,0,8,0,True,False
sample00744,B seen ≠ proxy,1.0,0.9340379238128662,0.0695796012878418,0.8644583225250244,False,False,1,0,7,0,True,False
sample00745,B seen ≠ proxy,1.0,0.7709254622459412,0.07425078749656677,0.6966746747493744,False,False,1,0,4,0,True,False
sample00746,B not seen,0.42857142857142855,-0.020881671458482742,-1.0,0.9791183285415173,True,False,1,0,0,0,False,False
sample00747,B seen ≠ proxy,1.0,0.8441118001937866,0.03250487521290779,0.8116069249808788,False,False,1,0,2,0,True,False
sample00748,B not seen,0.5,0.03341050446033478,-0.006055980920791626,0.039466485381126404,True,False,1,0,0,0,False,False
sample00749,B seen = proxy,1.0,0.9015575647354126,0.03630533814430237,0.8652522265911102,False,True,2,1,10,1,True,True
sample00750,B seen ≠ proxy,1.0,0.9411760568618774,0.048103079199790955,0.8930729776620865,False,False,1,0,10,0,True,False
sample00751,B seen = proxy,1.0,0.6383283734321594,0.42918306589126587,0.20914530754089355,False,True,3,4,9,4,True,True
sample00752,B seen ≠ proxy,0.8461538461538461,0.9035161137580872,0.4051557779312134,0.4983603358268738,False,False,1,0,8,0,True,False
sample00753,B seen ≠ proxy,0.5833333333333334,0.887776255607605,0.4431115984916687,0.4446646571159363,False,False,1,0,7,0,True,False
sample00754,B seen ≠ proxy,1.0,0.8677588105201721,0.24248254299163818,0.6252762675285339,False,False,1,0,4,0,True,False
sample00755,uncertain,0.3333333333333333,0.7177083492279053,0.00018197298049926758,0.717526376247406,False,True,2,1,14,1,True,True
sample00756,B not seen,1.0,0.07654020190238953,0.056655704975128174,0.019884496927261353,False,True,2,0,0,3,False,False
sample00757,B seen ≠ proxy,1.0,0.9056284427642822,0.05565936118364334,0.8499690815806389,False,False,1,0,6,0,True,False
sample00758,B seen ≠ proxy,0.8888888888888888,0.8508688807487488,0.07816413789987564,0.7727047428488731,False,False,1,0,7,0,True,False
sample00759,B not seen,1.0,0.12346707284450531,0.03618210181593895,0.08728497102856636,True,False,1,0,0,0,False,False
sample00760,B seen ≠ proxy,1.0,0.8799245357513428,0.10122398287057877,0.778700552880764,False,False,1,0,15,0,True,False
sample00761,B seen ≠ proxy,0.5,0.9346910715103149,0.11518876999616623,0.8195023015141487,False,False,1,0,11,0,True,False
sample00762,B seen = proxy,1.0,0.8030241131782532,0.21265733242034912,0.590366780757904,False,True,5,3,8,3,True,True
sample00763,B not seen,1.0,0.11956184357404709,0.008453798480331898,0.11110804509371519,False,False,1,0,0,0,False,False
sample00764,B seen ≠ proxy,1.0,0.9030603170394897,0.20057888329029083,0.7024814337491989,False,True,2,0,12,1,True,False
sample00765,B seen ≠ proxy,1.0,0.9563119411468506,0.041876938194036484,0.9144350029528141,False,False,1,0,13,0,True,False
sample00766,B seen ≠ proxy,1.0,0.9044561386108398,0.06559140235185623,0.8388647362589836,False,True,2,0,15,1,True,False
sample00767,B seen ≠ proxy,0.625,0.9114377498626709,0.021157417446374893,0.890280332416296,False,False,1,0,6,0,True,False
sample00768,B seen ≠ proxy,1.0,0.8778365850448608,0.004814842715859413,0.8730217423290014,False,True,2,0,3,1,True,False
sample00769,B seen ≠ proxy,1.0,0.8932169675827026,0.043119337409734726,0.8500976301729679,False,False,1,0,20,0,True,False
sample00770,B seen ≠ proxy,1.0,0.9325932264328003,0.025298286229372025,0.9072949402034283,False,False,1,0,7,0,True,False
sample00771,B seen ≠ proxy,1.0,0.9296306371688843,0.06864501535892487,0.8609856218099594,False,False,1,0,15,0,True,False
sample00772,B not seen,1.0,0.05375506728887558,0.04286980628967285,0.010885260999202728,False,True,2,0,0,1,False,False
sample00773,B seen ≠ proxy,1.0,0.8414897322654724,-0.0268563125282526,0.868346044793725,False,False,1,0,4,0,True,False
sample00774,B not seen,1.0,-0.03565331548452377,-1.0,0.9643466845154762,True,False,1,0,0,0,False,False
sample00775,B seen ≠ proxy,1.0,0.8704886436462402,0.07970120757818222,0.790787436068058,False,True,3,0,4,3,True,False
sample00776,B seen = proxy,1.0,0.7754265666007996,0.032004330307245255,0.7434222362935543,False,True,2,2,7,2,True,True
sample00777,B seen ≠ proxy,1.0,0.9291740655899048,0.04141576215624809,0.8877583034336567,False,True,5,0,12,5,True,False
sample00778,B seen ≠ proxy,1.0,0.7565684914588928,0.02691970206797123,0.7296487893909216,False,False,1,0,5,0,True,False
sample00779,B seen ≠ proxy,1.0,0.8543946743011475,0.07419651001691818,0.7801981642842293,False,True,3,0,17,2,True,False
sample00780,B seen ≠ proxy,0.75,0.7738969326019287,0.012355061247944832,0.7615418713539839,False,False,1,0,11,0,True,False
sample00781,B seen ≠ proxy,1.0,0.8470484018325806,0.0704418420791626,0.776606559753418,False,False,1,0,5,0,True,False
sample00782,B seen ≠ proxy,1.0,0.6119166016578674,-0.08440874516963959,0.696325346827507,False,False,1,0,4,0,True,False
sample00783,B seen ≠ proxy,1.0,0.9356995820999146,-0.0872349739074707,1.0229345560073853,False,False,1,0,6,0,True,False
sample00784,B seen ≠ proxy,1.0,0.9104766845703125,-0.05907628685235977,0.9695529714226723,False,False,1,0,20,0,True,False
sample00785,B seen ≠ proxy,0.5454545454545454,0.9216511249542236,-0.0596935972571373,0.9813447222113609,False,False,1,0,5,0,True,False
sample00786,B seen = proxy,1.0,0.86625075340271,-0.045537810772657394,0.9117885641753674,False,True,2,5,5,5,True,True
sample00787,B not seen,1.0,0.05131351575255394,0.033978816121816635,0.017334699630737305,False,False,1,0,0,0,False,False
sample00788,B not seen,1.0,0.3211403489112854,0.31165987253189087,0.009480476379394531,False,False,1,0,0,0,False,False
sample00789,B seen ≠ proxy,0.75,0.8372223377227783,0.04915751516819,0.7880648225545883,False,False,1,0,23,0,True,False
sample00790,B seen ≠ proxy,1.0,0.6586246490478516,0.5709718465805054,0.08765280246734619,False,True,3,2,0,2,True,False
sample00791,B seen ≠ proxy,1.0,0.9401491284370422,0.10284334421157837,0.8373057842254639,False,False,1,0,14,0,True,False
sample00819,B seen ≠ proxy,0.8333333333333334,0.9562263488769531,0.06375232338905334,0.8924740254878998,False,False,1,0,8,0,True,False
sample00820,B seen = proxy,1.0,0.9427822232246399,0.10485363006591797,0.8379285931587219,False,True,2,1,5,1,True,True
sample00821,B seen = proxy,0.8,0.9492760896682739,0.1126064881682396,0.8366696015000343,False,True,2,4,10,4,True,True
sample00822,B seen ≠ proxy,1.0,0.9180905818939209,0.050935424864292145,0.8671551570296288,False,False,1,0,15,0,True,False
sample00823,B seen ≠ proxy,1.0,0.920809805393219,0.06624587625265121,0.8545639291405678,False,False,1,0,14,0,True,False
sample00824,B seen = proxy,1.0,0.8421452045440674,0.06455952674150467,0.7775856778025627,False,True,2,1,8,1,True,True
sample00825,B seen ≠ proxy,1.0,0.9218384623527527,0.04599955305457115,0.8758389092981815,False,False,1,0,9,0,True,False
sample00826,B seen = proxy,0.8333333333333334,0.9289202690124512,0.3879227638244629,0.5409975051879883,False,True,2,1,0,1,True,True
sample00827,B seen ≠ proxy,1.0,0.9706153273582458,0.0985649898648262,0.8720503374934196,False,True,4,1,9,10,True,False
sample00828,B seen ≠ proxy,1.0,0.8750487565994263,0.0860108733177185,0.7890378832817078,False,True,4,1,9,4,True,False
sample00829,B seen ≠ proxy,0.7,0.8912501335144043,0.020314518362283707,0.8709356151521206,False,False,1,0,16,0,True,False
sample00830,B seen = proxy,0.8333333333333334,0.9259454011917114,0.011880965903401375,0.91406443528831,False,True,3,3,25,3,True,True
sample00831,B seen = proxy,1.0,0.9356147050857544,0.019682973623275757,0.9159317314624786,False,True,2,1,2,1,True,True
sample00832,B seen ≠ proxy,1.0,0.9563134908676147,0.0001175394281744957,0.9561959514394403,False,True,2,0,16,2,True,False
sample00833,B seen ≠ proxy,1.0,0.9618300199508667,0.009525759145617485,0.9523042608052492,False,False,1,0,9,0,True,False
sample00834,B seen ≠ proxy,0.875,0.8991856575012207,0.023194074630737305,0.8759915828704834,False,False,1,0,12,0,True,False
sample00835,B seen ≠ proxy,0.8333333333333334,0.839621901512146,0.08527473360300064,0.7543471679091454,False,True,2,0,7,1,True,False
sample00836,B seen ≠ proxy,1.0,0.94708251953125,0.2967136800289154,0.6503688395023346,False,True,3,1,0,5,True,False
sample00837,B seen = proxy,0.8333333333333334,0.8342453241348267,0.4763554334640503,0.35788989067077637,False,True,2,1,7,1,True,True
sample00838,B seen = proxy,1.0,0.9673509001731873,-0.1073707640171051,1.0747216641902924,False,True,2,1,5,1,True,True
sample00839,uncertain,1.0,0.5607797503471375,0.521077036857605,0.03970271348953247,False,True,2,1,0,1,True,True
sample00840,B seen ≠ proxy,1.0,0.9508594870567322,-0.008787445724010468,0.9596469327807426,False,False,1,0,13,0,True,False
sample00841,B not seen,1.0,0.0424501933157444,-1.0,1.0424501933157444,True,False,1,0,0,0,False,False
sample00842,B seen ≠ proxy,1.0,0.7419768571853638,0.07393789291381836,0.6680389642715454,False,False,1,0,7,0,True,False
sample00843,B seen ≠ proxy,1.0,0.9458925724029541,0.04730972647666931,0.8985828459262848,False,False,1,0,20,0,True,False
sample00844,B seen = proxy,0.8,0.965361475944519,0.06823569536209106,0.897125780582428,False,True,3,4,5,4,True,True
sample00845,B seen = proxy,1.0,0.9360920190811157,0.12073862552642822,0.8153533935546875,False,True,2,1,9,1,True,True
sample00846,B seen = proxy,0.9,0.9086116552352905,0.07009632885456085,0.8385153263807297,False,True,2,1,16,1,True,True
sample00847,uncertain,0.7727272727272727,0.6225193738937378,0.6194339394569397,0.0030854344367980957,False,False,1,0,3,0,True,False
sample00848,B seen = proxy,1.0,0.9256493449211121,0.4209176301956177,0.5047317147254944,False,True,2,5,9,5,True,True
sample00849,B seen = proxy,1.0,0.9874140024185181,-0.04014351963996887,1.027557522058487,False,True,2,1,19,1,True,True
sample00850,B seen ≠ proxy,1.0,0.9022879600524902,-0.03163919970393181,0.933927159756422,False,False,1,0,6,0,True,False
sample00851,B seen ≠ proxy,1.0,0.9754909873008728,-0.08122550696134567,1.0567164942622185,False,False,1,0,13,0,True,False
sample00852,uncertain,0.9090909090909091,0.8993604183197021,-0.01497521623969078,0.9143356345593929,True,True,3,15,0,11,False,False
sample00853,B seen ≠ proxy,0.7142857142857143,0.9235608577728271,0.040198661386966705,0.8833621963858604,False,True,2,0,20,1,True,False
sample00854,B seen = proxy,1.0,0.7668396234512329,0.114174023270607,0.6526656001806259,False,True,2,1,6,1,True,True
sample00855,B seen ≠ proxy,1.0,0.7573221921920776,-0.02730559930205345,0.7846277914941311,False,False,1,0,17,0,True,False
sample00856,B seen = proxy,1.0,0.8838272094726562,0.03452286869287491,0.8493043407797813,False,True,2,1,18,1,True,True
sample00857,B seen ≠ proxy,1.0,0.8000913858413696,0.0225490964949131,0.7775422893464565,False,False,1,0,15,0,True,False
sample00858,B seen = proxy,1.0,0.9086285829544067,0.07024313509464264,0.8383854478597641,False,True,2,1,10,1,True,True
sample00859,B seen ≠ proxy,0.875,0.8254197835922241,0.059960611164569855,0.7654591724276543,False,False,1,0,9,0,True,False
sample00860,B seen = proxy,0.75,0.9410461783409119,0.07863910496234894,0.8624070733785629,False,True,2,1,11,1,True,True
sample00861,B seen = proxy,1.0,0.7871996760368347,0.10033170133829117,0.6868679746985435,False,True,2,1,7,1,True,True
sample00862,B seen ≠ proxy,0.875,0.8949400186538696,0.020153146237134933,0.8747868724167347,False,False,1,0,8,0,True,False
sample00863,B seen = proxy,1.0,0.8917827010154724,0.11275012046098709,0.7790325805544853,False,True,3,1,18,1,True,True
sample00864,B seen = proxy,1.0,0.9140012264251709,0.05102202668786049,0.8629791997373104,False,True,2,1,0,1,True,True
sample00865,B not seen,0.875,0.14383739233016968,0.04574959725141525,0.09808779507875443,False,False,1,0,0,0,False,False
sample00866,B seen = proxy,1.0,0.9361383318901062,0.03482353687286377,0.9013147950172424,False,True,2,1,10,1,True,True
sample00867,B seen ≠ proxy,1.0,0.9306005239486694,-0.009832474403083324,0.9404329983517528,False,False,1,0,17,0,True,False
sample00868,B not seen,0.7222222222222222,0.12813150882720947,0.07758978009223938,0.05054172873497009,False,False,1,0,0,0,False,False
sample00869,B seen ≠ proxy,1.0,0.9301347732543945,0.06067199632525444,0.8694627769291401,False,False,1,0,16,0,True,False
sample00870,B seen ≠ proxy,0.7857142857142857,0.9309897422790527,0.14301800727844238,0.7879717350006104,False,False,1,0,8,0,True,False
sample00871,B seen = proxy,1.0,0.9569096565246582,0.033370018005371094,0.9235396385192871,False,True,2,1,24,1,True,True
sample00872,B seen = proxy,1.0,0.949080228805542,0.06147223711013794,0.887607991695404,False,True,2,1,6,1,True,True
sample00873,B seen ≠ proxy,0.75,0.9453384876251221,0.06371653825044632,0.8816219493746758,False,False,1,0,16,0,True,False
sample00874,B seen = proxy,1.0,0.9659649729728699,0.10081092268228531,0.8651540502905846,False,True,2,1,7,1,True,True
sample00875,B seen ≠ proxy,0.9090909090909091,0.9267570376396179,0.6008704900741577,0.3258865475654602,False,False,1,0,8,0,True,False
sample00876,B seen = proxy,0.625,0.9454951286315918,-0.01569945551455021,0.961194584146142,False,True,2,1,0,1,True,True
sample00877,B seen ≠ proxy,0.9166666666666666,0.7964797019958496,-0.013509854674339294,0.8099895566701889,False,False,1,0,20,0,True,False
sample00878,B seen = proxy,1.0,0.9565249681472778,0.025986550375819206,0.9305384177714586,False,True,2,8,17,8,True,True
sample00879,B seen ≠ proxy,0.75,0.9293022155761719,0.04439554363489151,0.8849066719412804,False,False,1,0,12,0,True,False
sample00880,B seen ≠ proxy,1.0,0.9109839200973511,0.013157792389392853,0.8978261277079582,False,False,1,0,6,0,True,False
sample00881,B seen ≠ proxy,1.0,0.9112758636474609,0.008123795501887798,0.9031520681455731,False,False,1,0,9,0,True,False
sample00882,B seen = proxy,1.0,0.8837025165557861,0.048314452171325684,0.8353880643844604,False,True,2,1,10,1,True,True
sample00883,B seen ≠ proxy,1.0,0.9597331881523132,0.018137190490961075,0.9415959976613522,False,False,1,0,24,0,True,False
sample00884,B seen ≠ proxy,1.0,0.910662055015564,0.01849365048110485,0.8921684045344591,False,False,1,0,10,0,True,False
sample00885,B seen ≠ proxy,1.0,0.9197640419006348,0.001991530880331993,0.9177725110203028,False,False,1,0,17,0,True,False
sample00886,B seen ≠ proxy,1.0,0.9732038378715515,-0.025150790810585022,0.9983546286821365,False,False,1,0,7,0,True,False
sample00887,B seen ≠ proxy,1.0,0.9481382369995117,-0.0004075542092323303,0.948545791208744,False,False,1,0,26,0,True,False
sample00888,B seen ≠ proxy,1.0,0.93023282289505,0.013210540637373924,0.9170222822576761,False,False,1,0,8,0,True,False
sample00889,B seen ≠ proxy,1.0,0.8514460325241089,0.038219302892684937,0.813226729631424,False,False,1,0,6,0,True,False
sample00890,B seen ≠ proxy,0.8,0.9227626919746399,0.022456128150224686,0.9003065638244152,False,False,1,0,7,0,True,False
sample00891,B seen ≠ proxy,1.0,0.9686696529388428,0.05094097554683685,0.9177286773920059,False,False,1,0,19,0,True,False
sample00892,B seen ≠ proxy,1.0,0.916759192943573,0.06701968610286713,0.8497395068407059,False,False,1,0,10,0,True,False
sample00893,B seen ≠ proxy,1.0,0.9291185140609741,0.06657712161540985,0.8625413924455643,False,False,1,0,6,0,True,False
sample00894,B seen ≠ proxy,0.8,0.8940233588218689,0.09734532237052917,0.7966780364513397,False,False,1,0,8,0,True,False
sample00895,B seen = proxy,0.6666666666666666,0.9025155901908875,0.08760114014148712,0.8149144500494003,False,True,2,2,9,2,True,True
sample00896,B seen = proxy,0.75,0.8940937519073486,0.07041206955909729,0.8236816823482513,False,True,2,2,8,2,True,True
sample00897,B seen = proxy,1.0,0.926110029220581,0.09732133150100708,0.828788697719574,False,True,2,1,6,1,True,True
sample00898,B seen ≠ proxy,1.0,0.9082746505737305,0.07412205636501312,0.8341525942087173,False,False,1,0,5,0,True,False
sample00899,B seen ≠ proxy,1.0,0.7978711128234863,0.0661366730928421,0.7317344397306442,False,False,1,0,5,0,True,False
sample00900,B seen ≠ proxy,1.0,0.8424770832061768,0.017494088038802147,0.8249829951673746,False,False,1,0,15,0,True,False
sample00901,B seen = proxy,1.0,0.8821073770523071,-0.01281174086034298,0.8949191179126501,False,True,2,1,17,1,True,True
sample00902,B seen ≠ proxy,1.0,0.93671715259552,0.09523206949234009,0.8414850831031799,False,False,1,0,15,0,True,False
sample00903,B not seen,1.0,0.10875207930803299,0.010414650663733482,0.09833742864429951,False,True,2,0,0,3,False,False
sample00904,B seen ≠ proxy,1.0,0.8502153754234314,0.017666751518845558,0.8325486239045858,False,False,1,0,5,0,True,False
sample00905,B seen ≠ proxy,1.0,0.928110659122467,0.04001510143280029,0.8880955576896667,False,False,1,0,12,0,True,False
sample00906,B seen ≠ proxy,1.0,0.9719555974006653,0.03873695433139801,0.9332186430692673,False,False,1,0,7,0,True,False
sample00907,B seen ≠ proxy,1.0,0.5927833914756775,0.013923361897468567,0.5788600295782089,False,False,1,0,12,0,True,False
sample00908,B seen ≠ proxy,0.8571428571428571,0.8870032429695129,0.07881952822208405,0.8081837147474289,False,False,1,0,15,0,True,False
sample00909,B not seen,1.0,0.049551039934158325,-1.0,1.0495510399341583,True,False,1,0,0,0,False,False
sample00910,B seen = proxy,0.75,0.9259666204452515,0.04732953757047653,0.8786370828747749,False,True,2,1,14,1,True,True
sample00911,B seen = proxy,1.0,0.9076328873634338,0.09086756408214569,0.8167653232812881,False,True,2,1,5,1,True,True
sample00912,B seen ≠ proxy,1.0,0.7998011112213135,0.06896066665649414,0.7308404445648193,False,False,1,0,15,0,True,False
sample00913,B seen ≠ proxy,1.0,0.9330089092254639,0.3892431855201721,0.5437657237052917,False,False,1,0,8,0,True,False
sample00914,B seen ≠ proxy,1.0,0.8847693204879761,0.01949354074895382,0.8652757797390223,False,False,1,0,7,0,True,False
sample00915,B seen ≠ proxy,1.0,0.952364444732666,0.002719523385167122,0.9496449213474989,False,False,1,0,21,0,True,False
sample00916,B seen ≠ proxy,1.0,0.9134762287139893,0.0173296257853508,0.8961466029286385,False,False,1,0,6,0,True,False
sample00917,B seen = proxy,1.0,0.8296692967414856,0.012402097694575787,0.8172671990469098,False,True,2,1,7,1,True,True
sample00918,B seen ≠ proxy,1.0,0.9633776545524597,0.031330179423093796,0.9320474751293659,False,False,1,0,5,0,True,False
sample00919,B seen ≠ proxy,1.0,0.7907784581184387,0.13513097167015076,0.655647486448288,False,False,1,0,13,0,True,False
sample00920,B seen ≠ proxy,0.875,0.8592205047607422,0.04349507391452789,0.8157254308462143,False,False,1,0,13,0,True,False
sample00921,B seen = proxy,1.0,0.9595693945884705,0.06522337347269058,0.8943460211157799,False,True,2,1,7,1,True,True
sample00922,B seen ≠ proxy,1.0,0.9131616353988647,0.007730882614850998,0.9054307527840137,False,False,1,0,20,0,True,False
sample00923,B seen ≠ proxy,0.7777777777777778,0.9585891366004944,0.04643913730978966,0.9121499992907047,False,False,1,0,9,0,True,False
sample00924,B seen ≠ proxy,1.0,0.6938266754150391,0.02980077639222145,0.6640258990228176,False,True,4,0,6,3,True,False
sample00925,B seen ≠ proxy,1.0,0.609744668006897,0.05665738135576248,0.5530872866511345,False,True,2,0,5,3,True,False
sample00926,B seen ≠ proxy,1.0,0.9588792324066162,0.10300832986831665,0.8558709025382996,False,False,1,0,8,0,True,False
sample00927,B seen ≠ proxy,1.0,0.8422756195068359,0.0585094653069973,0.7837661541998386,False,False,1,0,5,0,True,False
sample00928,B seen = proxy,1.0,0.8577659726142883,0.0013810303062200546,0.8563849423080683,False,True,2,3,3,3,True,True
sample00929,B seen ≠ proxy,1.0,0.830947756767273,-0.027578920125961304,0.8585266768932343,False,False,1,0,13,0,True,False
sample00930,B seen = proxy,1.0,0.8859257102012634,-0.035290200263261795,0.9212159104645252,False,True,2,1,4,1,True,True
sample00931,B seen ≠ proxy,1.0,0.839428722858429,-0.030813779681921005,0.87024250254035,False,True,2,0,3,1,True,False
sample00932,B seen ≠ proxy,1.0,0.8554830551147461,-0.002161441370844841,0.8576444964855909,False,False,1,0,16,0,True,False
sample00933,B seen ≠ proxy,1.0,0.911379873752594,0.4571293592453003,0.4542505145072937,False,False,1,0,5,0,True,False
sample00934,B not seen,1.0,0.0840696319937706,-1.0,1.0840696319937706,True,False,1,0,0,0,False,False
sample00935,B seen ≠ proxy,1.0,0.9514430165290833,0.044597327709198,0.9068456888198853,False,False,1,0,17,0,True,False
sample00936,B seen ≠ proxy,1.0,0.9605903625488281,0.09638608992099762,0.8642042726278305,False,False,1,0,7,0,True,False
sample00937,B seen ≠ proxy,1.0,0.9124682545661926,0.04268116131424904,0.8697870932519436,False,False,1,0,4,0,True,False
sample00938,B not seen,0.42857142857142855,0.2740411162376404,0.10545014590024948,0.1685909703373909,False,False,1,0,0,0,False,False
sample00939,B seen = proxy,1.0,0.8464038372039795,0.19358855485916138,0.6528152823448181,False,True,2,2,3,2,True,True
sample00940,B seen ≠ proxy,1.0,0.9076062440872192,0.14883480966091156,0.7587714344263077,False,False,1,0,4,0,True,False
sample00941,B seen ≠ proxy,1.0,0.9260101318359375,0.1921672523021698,0.7338428795337677,False,False,1,0,9,0,True,False
sample00942,uncertain,1.0,0.928449273109436,0.17412056028842926,0.7543287128210068,True,True,2,4,13,4,False,False
sample00943,B seen ≠ proxy,1.0,0.8161211013793945,0.15308311581611633,0.6630379855632782,False,False,1,0,12,0,True,False
sample00944,B seen ≠ proxy,1.0,0.9043252468109131,0.1495913565158844,0.7547338902950287,False,False,1,0,16,0,True,False
sample00945,B not seen,1.0,0.13152414560317993,-1.0,1.13152414560318,True,False,1,0,0,0,False,False
sample00946,B not seen,0.5,-0.09577181935310364,-1.0,0.9042281806468964,True,False,1,0,0,0,False,False
sample00947,B seen = proxy,1.0,0.750471830368042,-0.06618666648864746,0.8166584968566895,False,True,2,3,11,3,True,True
sample00948,B seen ≠ proxy,1.0,0.570318341255188,-0.07207468152046204,0.64239302277565,False,False,1,0,24,0,True,False
sample00949,B seen = proxy,1.0,0.9763239622116089,-0.01947576180100441,0.9957997240126133,False,True,2,1,7,1,True,True
sample00950,B seen ≠ proxy,1.0,0.8534576296806335,-0.015278174541890621,0.8687358042225242,False,False,1,0,19,0,True,False
sample00951,B seen ≠ proxy,1.0,0.9429841041564941,-0.017992325127124786,0.9609764292836189,False,False,1,0,11,0,True,False
sample00952,B seen ≠ proxy,1.0,0.9138869047164917,-0.053147442638874054,0.9670343473553658,False,False,1,0,18,0,True,False
sample00953,B seen ≠ proxy,1.0,0.9874046444892883,-0.05020495504140854,1.0376095995306969,False,False,1,0,11,0,True,False
sample00954,B seen ≠ proxy,1.0,0.9603757262229919,-0.04939175769686699,1.009767483919859,False,False,1,0,18,0,True,False
sample00955,B seen ≠ proxy,1.0,0.9718202352523804,-0.04984179884195328,1.0216620340943336,False,False,1,0,13,0,True,False
sample00956,B seen ≠ proxy,1.0,0.6471067667007446,0.4286171793937683,0.21848958730697632,False,False,1,0,7,0,True,False
sample00957,B not seen,1.0,0.0764029249548912,0.04848776012659073,0.027915164828300476,False,False,1,0,0,0,False,False
sample00958,B seen ≠ proxy,0.5714285714285714,0.8081406354904175,-0.0667078047990799,0.8748484402894974,False,False,1,0,21,0,True,False
sample00959,B seen ≠ proxy,1.0,0.7952195405960083,-0.009505542926490307,0.8047250835224986,False,False,1,0,7,0,True,False
sample00960,B seen ≠ proxy,1.0,0.8521525859832764,0.03254414722323418,0.8196084387600422,False,False,1,0,4,0,True,False
sample00961,B not seen,1.0,0.1068001389503479,-1.0,1.106800138950348,True,False,1,0,0,0,False,False
sample00962,B not seen,1.0,-0.022853601723909378,-0.03661157563328743,0.013757973909378052,False,False,1,0,0,0,False,False
sample00963,B seen ≠ proxy,0.6,0.8663191795349121,0.05722225084900856,0.8090969286859035,False,False,1,0,11,0,True,False
sample00964,B seen = proxy,1.0,0.9479013681411743,-0.021709686145186424,0.9696110542863607,False,True,2,2,11,2,True,True
sample00965,B seen = proxy,1.0,0.9261447191238403,0.40595558285713196,0.5201891362667084,False,True,2,2,0,2,True,True
sample00966,B seen ≠ proxy,1.0,0.7842237949371338,0.170919269323349,0.6133045256137848,False,False,1,0,9,0,True,False
sample00967,B seen ≠ proxy,1.0,0.619658350944519,-0.0919514000415802,0.7116097509860992,False,False,1,0,14,0,True,False
sample00968,B seen = proxy,1.0,0.7959562540054321,0.006303280591964722,0.7896529734134674,False,True,2,1,0,1,True,True
sample00969,B seen ≠ proxy,1.0,0.9647607803344727,-0.02557755447924137,0.990338334813714,False,False,1,0,9,0,True,False
sample00970,B seen = proxy,0.5714285714285714,0.9656256437301636,-0.0355529710650444,1.001178614795208,False,True,2,2,9,2,True,True
sample00971,B seen = proxy,0.75,0.9020711183547974,-0.04468327760696411,0.9467543959617615,False,True,2,1,0,1,True,True
sample00972,uncertain,1.0,0.9339580535888672,0.023803038522601128,0.9101550150662661,True,True,3,5,15,5,False,False
sample00973,B seen = proxy,0.7,0.9585747122764587,-0.008366786874830723,0.9669414991512895,False,True,2,2,5,2,True,True
sample00974,B seen = proxy,1.0,0.9282604455947876,-0.03378814831376076,0.9620485939085484,False,True,2,1,9,1,True,True
sample00975,B seen = proxy,0.8333333333333334,0.8711365461349487,-0.03407857567071915,0.9052151218056679,False,True,2,2,11,2,True,True
sample00976,B seen = proxy,1.0,0.9709610939025879,-0.056121595203876495,1.0270826891064644,False,True,2,1,24,1,True,True
sample00977,B seen = proxy,0.95,0.9852473735809326,-0.02301139198243618,1.0082587655633688,False,True,2,1,14,1,True,True
sample00978,B seen = proxy,0.8181818181818182,0.8685421943664551,-0.040430501103401184,0.9089726954698563,False,True,2,1,14,1,True,True
sample00979,B seen = proxy,0.8181818181818182,0.9916684031486511,-0.028428571298718452,1.0200969744473696,False,True,2,2,20,2,True,True
sample00980,B seen = proxy,1.0,0.894611120223999,-0.036739781498909,0.931350901722908,False,True,2,2,10,2,True,True
sample00981,B seen = proxy,1.0,0.8863403797149658,0.15180350840091705,0.7345368713140488,False,True,2,1,4,1,True,True
sample00982,B seen = proxy,0.7142857142857143,0.8604377508163452,0.08164139091968536,0.7787963598966599,False,True,2,2,13,2,True,True
sample00983,B seen = proxy,1.0,0.8210896849632263,0.07812909781932831,0.742960587143898,False,True,2,2,3,2,True,True
sample00984,B seen ≠ proxy,1.0,0.9222816228866577,0.08718743920326233,0.8350941836833954,False,True,3,1,0,4,True,False
sample00985,B seen ≠ proxy,0.8461538461538461,0.8522776365280151,0.01963065192103386,0.8326469846069813,False,True,3,2,6,5,True,False
sample00986,B seen = proxy,0.875,0.9132267832756042,0.08897295594215393,0.8242538273334503,False,True,2,1,0,1,True,True
sample00987,B seen ≠ proxy,1.0,0.875696063041687,0.5620558261871338,0.3136402368545532,False,True,5,3,12,3,True,False
sample00988,B seen = proxy,1.0,0.9670162200927734,0.048977501690387726,0.9180387184023857,False,True,2,2,7,2,True,True
sample00989,B seen = proxy,1.0,0.9352506399154663,0.04006293788552284,0.8951877020299435,False,True,2,1,12,1,True,True
sample00990,B seen ≠ proxy,0.75,0.7795634269714355,0.244042307138443,0.5355211198329926,False,True,3,0,10,7,True,False
sample00991,B seen = proxy,1.0,0.9343300461769104,0.37804678082466125,0.5562832653522491,False,True,4,3,6,3,True,True
sample00992,B seen ≠ proxy,1.0,0.8764703869819641,0.1616504043340683,0.7148199826478958,False,True,4,2,0,2,True,False
sample00993,B not seen,0.625,0.11237043142318726,-1.0,1.1123704314231873,True,False,1,0,0,0,False,False
sample00994,B seen = proxy,1.0,0.942387044429779,0.06734248995780945,0.8750445544719696,False,True,2,3,0,3,True,True
sample00995,B not seen,0.7142857142857143,0.09178627282381058,-1.0,1.0917862728238106,True,False,1,0,0,0,False,False
sample00996,B not seen,0.8333333333333334,0.09344536066055298,-0.03274279087781906,0.12618815153837204,False,False,1,0,0,0,False,False
sample00997,B seen = proxy,1.0,0.9375847578048706,0.09252593666315079,0.8450588211417198,False,True,2,3,9,3,True,True
sample00998,B seen = proxy,0.75,0.755569338798523,0.03410182148218155,0.7214675173163414,False,True,2,1,11,1,True,True
sample00999,B seen ≠ proxy,1.0,0.9446275234222412,0.03608106076717377,0.9085464626550674,False,False,1,0,9,0,True,False
sample01000,uncertain,0.7692307692307693,0.6562878489494324,0.02110050618648529,0.6351873427629471,True,True,3,2,10,2,False,False
sample01001,B not seen,0.631578947368421,0.025785768404603004,-1.0,1.025785768404603,True,False,1,0,0,0,False,False
sample01002,B seen = proxy,0.75,0.9560027122497559,-0.051504503935575485,1.0075072161853313,False,True,2,1,0,1,True,True
sample01003,B seen = proxy,1.0,0.9214720129966736,-0.0406741201877594,0.962146133184433,False,True,2,1,9,1,True,True
sample01004,B seen = proxy,1.0,0.8550070524215698,-0.07428020983934402,0.9292872622609138,False,True,2,1,7,1,True,True
sample01005,B seen ≠ proxy,1.0,0.8975554704666138,-0.04601333290338516,0.9435688033699989,False,True,3,1,15,5,True,False
sample01006,B seen = proxy,1.0,0.9622329473495483,-0.00847429409623146,0.9707072414457798,False,True,2,2,5,2,True,True
sample01007,B seen = proxy,1.0,0.9743683934211731,0.014669941738247871,0.9596984516829252,False,True,2,2,0,2,True,True
sample01098,B seen ≠ proxy,1.0,0.8843820095062256,0.024632077664136887,0.8597499318420887,False,True,8,1,0,2,True,False
sample01099,B seen ≠ proxy,0.8181818181818182,0.9444125890731812,0.06520061194896698,0.8792119771242142,False,False,1,0,3,0,True,False
sample01100,B seen = proxy,0.9090909090909091,0.8193875551223755,0.033606015145778656,0.7857815399765968,False,True,3,5,8,5,True,True
sample01101,B seen = proxy,1.0,0.9353479743003845,0.03738347440958023,0.8979644998908043,False,True,2,1,7,1,True,True
sample01102,B seen = proxy,1.0,0.962536096572876,-0.006768546998500824,0.9693046435713768,False,True,2,2,12,2,True,True
sample01103,B seen ≠ proxy,0.8333333333333334,0.8279170989990234,0.06152842193841934,0.7663886770606041,False,False,1,0,12,0,True,False
sample01104,B seen ≠ proxy,1.0,0.9612362384796143,0.0472838319838047,0.9139524064958096,False,True,3,1,6,2,True,False
sample01105,B seen ≠ proxy,1.0,0.9295897483825684,0.06916751712560654,0.8604222312569618,False,True,5,2,9,2,True,False
sample01106,B seen = proxy,1.0,0.9110466241836548,0.2165469527244568,0.694499671459198,False,True,2,1,1,1,True,True
sample01107,B not seen,0.6666666666666666,0.023664167150855064,-1.0,1.023664167150855,True,False,1,0,0,0,False,False
sample01108,B seen ≠ proxy,1.0,0.8820062279701233,0.043161604553461075,0.8388446234166622,False,False,1,0,14,0,True,False
sample01109,B seen ≠ proxy,0.8571428571428571,0.6694784760475159,0.039980847388505936,0.6294976286590099,False,False,1,0,18,0,True,False
sample01110,B seen ≠ proxy,0.6363636363636364,0.9359403848648071,0.08309918642044067,0.8528411984443665,False,False,1,0,11,0,True,False
sample01111,B seen ≠ proxy,0.7333333333333333,0.9512014389038086,0.04679643362760544,0.9044050052762032,False,False,1,0,12,0,True,False
sample01112,B seen = proxy,1.0,0.9380507469177246,0.048592835664749146,0.8894579112529755,False,True,2,1,11,1,True,True
sample01113,B seen ≠ proxy,1.0,0.7294135093688965,0.08668175339698792,0.6427317559719086,False,False,1,0,19,0,True,False
sample01114,B seen = proxy,1.0,0.7606499195098877,0.07075269520282745,0.6898972243070602,False,True,2,1,15,1,True,True
sample01115,B seen = proxy,1.0,0.906641960144043,0.062054593116045,0.844587367027998,False,True,2,1,0,1,True,True
sample01116,B seen ≠ proxy,0.9411764705882353,0.8928743004798889,0.06003841757774353,0.8328358829021454,False,False,1,0,19,0,True,False
sample01117,B seen ≠ proxy,0.8,0.9062142372131348,0.05606294050812721,0.8501512967050076,False,True,2,0,15,1,True,False
sample01118,B seen = proxy,0.875,0.9526754021644592,-0.0013761445879936218,0.9540515467524529,False,True,2,1,0,1,True,True
sample01119,B seen = proxy,1.0,0.9274466037750244,0.09813979268074036,0.8293068110942841,False,True,2,1,11,1,True,True
sample01120,B seen ≠ proxy,0.8,0.9367069005966187,0.03308089077472687,0.9036260098218918,False,False,1,0,8,0,True,False
sample01121,B seen ≠ proxy,0.75,0.7739909291267395,-0.002655419521033764,0.7766463486477733,False,False,1,0,14,0,True,False
sample01122,B seen = proxy,1.0,0.9371732473373413,-0.006753210909664631,0.9439264582470059,False,True,2,1,5,1,True,True
sample01123,B seen ≠ proxy,0.6428571428571429,0.825001060962677,0.032023511826992035,0.792977549135685,False,False,1,0,3,0,True,False
sample01124,B seen = proxy,1.0,0.9243150353431702,0.07663197815418243,0.8476830571889877,False,True,2,1,11,1,True,True
sample01125,B seen ≠ proxy,1.0,0.8950390219688416,0.03894428908824921,0.8560947328805923,False,False,1,0,10,0,True,False
sample01126,B seen ≠ proxy,1.0,0.8883954882621765,0.058581188321113586,0.8298142999410629,False,False,1,0,11,0,True,False
sample01127,B seen ≠ proxy,1.0,0.7852225303649902,0.0069831060245633125,0.7782394243404269,False,False,1,0,11,0,True,False
sample01128,B not seen,1.0,0.05408015847206116,-1.0,1.0540801584720612,True,False,1,0,0,0,False,False
sample01129,B seen ≠ proxy,1.0,0.8305948972702026,0.05876772478222847,0.7718271724879742,False,False,1,0,15,0,True,False
sample01130,B seen ≠ proxy,1.0,0.9360119104385376,0.03965486213564873,0.8963570483028889,False,False,1,0,14,0,True,False
sample01131,B seen ≠ proxy,1.0,0.8976415991783142,0.052824415266513824,0.8448171839118004,False,False,1,0,1,0,True,False
sample01132,B seen ≠ proxy,1.0,0.9581604599952698,0.06751768290996552,0.8906427770853043,False,False,1,0,22,0,True,False
sample01133,B seen ≠ proxy,1.0,0.940280556678772,-0.009553481824696064,0.949834038503468,False,False,1,0,4,0,True,False
sample01134,B seen ≠ proxy,1.0,0.9562649130821228,-0.01016599778085947,0.9664309108629823,False,False,1,0,5,0,True,False
sample01135,B seen ≠ proxy,0.5714285714285714,0.7752718329429626,0.0890248566865921,0.6862469762563705,False,False,1,0,12,0,True,False
sample01136,B seen ≠ proxy,1.0,0.9339185953140259,0.09551142901182175,0.8384071663022041,False,False,1,0,10,0,True,False
sample01137,B seen ≠ proxy,0.8,0.7735726833343506,0.06485311686992645,0.7087195664644241,False,False,1,0,5,0,True,False
sample01138,B seen = proxy,0.9166666666666666,0.9398123621940613,0.126745343208313,0.8130670189857483,False,True,2,1,10,1,True,True
sample01139,B seen = proxy,1.0,0.9176334142684937,0.13959595561027527,0.7780374586582184,False,True,2,1,13,1,True,True
sample01140,B seen = proxy,1.0,0.6912120580673218,0.12495224177837372,0.5662598162889481,False,True,2,3,16,3,True,True
sample01141,uncertain,1.0,0.6304413080215454,0.13562574982643127,0.49481555819511414,True,True,3,5,8,4,False,False
sample01142,B seen ≠ proxy,1.0,0.6517662405967712,0.07561148703098297,0.5761547535657883,False,False,1,0,11,0,True,False
sample01143,B seen ≠ proxy,0.5714285714285714,0.7170223593711853,0.1153964027762413,0.601625956594944,False,False,1,0,11,0,True,False
sample01144,B seen = proxy,1.0,0.8349242210388184,0.08401504158973694,0.7509091794490814,False,True,2,3,5,3,True,True
sample01145,B seen = proxy,1.0,0.9389009475708008,0.09016399085521698,0.8487369567155838,False,True,2,1,0,1,True,True
sample01146,B seen ≠ proxy,0.8,0.7514703273773193,0.20466777682304382,0.5468025505542755,False,True,4,0,14,3,True,False
sample01147,B seen ≠ proxy,0.8888888888888888,0.76613450050354,0.12403282523155212,0.6421016752719879,False,False,1,0,5,0,True,False
sample01148,B seen = proxy,1.0,0.7147291898727417,0.6215996742248535,0.09312951564788818,False,True,2,1,10,1,True,True
sample01149,B seen ≠ proxy,1.0,0.950218915939331,0.10341234505176544,0.8468065708875656,False,True,2,0,6,1,True,False
sample01150,B not seen,0.8888888888888888,0.10639674961566925,-1.0,1.1063967496156693,True,False,1,0,0,0,False,False
sample01151,B seen = proxy,1.0,0.9206058979034424,0.0836266577243805,0.8369792401790619,False,True,2,2,12,2,True,True
sample01152,B seen ≠ proxy,0.6,0.88071608543396,0.003952525556087494,0.8767635598778725,False,False,1,0,7,0,True,False
sample01153,B seen = proxy,1.0,0.9582251906394958,0.03519073873758316,0.9230344519019127,False,True,2,4,20,4,True,True
sample01154,B seen = proxy,0.8,0.785647451877594,0.06599430739879608,0.7196531444787979,False,True,2,1,1,1,True,True
sample01155,B seen = proxy,1.0,0.8823515176773071,0.0780135914683342,0.8043379262089729,False,True,2,1,22,1,True,True
sample01156,B not seen,1.0,0.06360897421836853,-0.005049854516983032,0.06865882873535156,True,False,1,0,0,0,False,False
sample01157,B seen ≠ proxy,1.0,0.5710085034370422,0.12648600339889526,0.444522500038147,False,False,1,0,20,0,True,False
sample01158,B not seen,0.75,0.07567434012889862,-1.0,1.0756743401288986,True,False,1,0,0,0,False,False
sample01159,B seen = proxy,1.0,0.9516790509223938,0.09859150648117065,0.8530875444412231,False,True,2,2,16,2,True,True
sample01160,B seen = proxy,1.0,0.9182226657867432,0.06923895329236984,0.8489837124943733,False,True,2,4,5,4,True,True
sample01161,B seen = proxy,1.0,0.9624056816101074,0.10417312383651733,0.8582325577735901,False,True,2,6,11,6,True,True
sample01162,B not seen,1.0,0.08712795376777649,-1.0,1.0871279537677765,True,False,1,0,0,0,False,False
sample01163,B not seen,1.0,0.13255101442337036,0.12381011247634888,0.008740901947021484,False,False,1,0,0,0,False,False
sample01164,B seen ≠ proxy,1.0,0.9430025815963745,0.33837616443634033,0.6046264171600342,False,False,1,0,4,0,True,False
sample01165,B seen ≠ proxy,1.0,0.8362981081008911,0.4632735252380371,0.373024582862854,False,True,3,1,0,1,True,False
sample01166,B seen ≠ proxy,0.8,0.9233256578445435,0.24110879004001617,0.6822168678045273,False,False,1,0,6,0,True,False
sample01167,B seen = proxy,1.0,0.9283006191253662,0.4720286726951599,0.4562719464302063,False,True,2,2,8,2,True,True
sample01168,B seen = proxy,1.0,0.9214346408843994,-0.024804940447211266,0.9462395813316107,False,True,2,2,0,2,True,True
sample01169,B seen = proxy,1.0,0.9853445291519165,0.12911346554756165,0.8562310636043549,False,True,2,3,23,3,True,True
sample01170,B seen ≠ proxy,0.9090909090909091,0.9313703775405884,0.13491526246070862,0.7964551150798798,False,False,1,0,5,0,True,False
sample01171,B seen ≠ proxy,1.0,0.9109664559364319,0.09801314771175385,0.812953308224678,False,True,4,0,7,1,True,False
sample01172,B not seen,0.8,0.12275835126638412,0.004293585196137428,0.1184647660702467,True,True,4,0,0,1,False,False
sample01173,B seen = proxy,1.0,0.8325798511505127,0.1296379417181015,0.7029419094324112,False,True,2,1,15,1,True,True
sample01174,B seen = proxy,1.0,0.9353550672531128,0.11702293157577515,0.8183321356773376,False,True,2,2,8,2,True,True
sample01175,B not seen,1.0,0.12386360764503479,0.01478855311870575,0.10907505452632904,True,False,1,0,0,0,False,False
sample01176,B seen ≠ proxy,0.8333333333333334,0.9208552837371826,0.03149821236729622,0.8893570713698864,False,True,5,2,10,2,True,False
sample01177,B seen = proxy,1.0,0.8802852630615234,-0.07967019826173782,0.9599554613232613,False,True,2,2,13,2,True,True
sample01178,B seen = proxy,1.0,0.7155190706253052,0.0432329922914505,0.6722860783338547,False,True,2,1,17,1,True,True
sample01179,B seen = proxy,0.875,0.9332321882247925,0.08888331055641174,0.8443488776683807,False,True,2,1,0,1,True,True
sample01180,B seen = proxy,1.0,0.8713274598121643,0.10185463726520538,0.7694728225469589,False,True,2,1,12,1,True,True
sample01181,B seen = proxy,1.0,0.9174240827560425,0.083290696144104,0.8341333866119385,False,True,2,1,0,1,True,True
sample01182,B seen = proxy,0.9285714285714286,0.9734960198402405,0.034845758229494095,0.9386502616107464,False,True,2,1,5,1,True,True
sample01183,B seen ≠ proxy,1.0,0.865325927734375,0.4887331426143646,0.3765927851200104,False,True,2,0,6,1,True,False
sample01184,B seen = proxy,1.0,0.7776719331741333,0.03038794919848442,0.7472839839756489,False,True,2,1,0,1,True,True
sample01185,B seen ≠ proxy,1.0,0.9794954061508179,0.016428083181381226,0.9630673229694366,False,False,1,0,14,0,True,False
sample01186,B seen = proxy,1.0,0.7472250461578369,0.01820680871605873,0.7290182374417782,False,True,2,1,14,1,True,True
sample01187,B seen = proxy,1.0,0.8929895162582397,0.04993169382214546,0.8430578224360943,False,True,2,1,0,1,True,True
sample01188,B seen = proxy,1.0,0.8755123615264893,0.10972090810537338,0.7657914534211159,False,True,2,1,19,1,True,True
sample01189,B not seen,1.0,0.04867172613739967,0.005628981627523899,0.043042744509875774,True,False,1,0,0,0,False,False
sample01190,B seen ≠ proxy,1.0,0.563076913356781,0.011346331797540188,0.5517305815592408,False,True,3,0,3,4,True,False
sample01191,B seen ≠ proxy,1.0,0.9015160202980042,-0.016196753829717636,0.9177127741277218,False,False,1,0,18,0,True,False
sample01192,uncertain,1.0,0.43975120782852173,0.0272727832198143,0.41247842460870743,False,False,1,0,12,0,False,False
sample01193,B seen ≠ proxy,0.9230769230769231,0.8552120923995972,0.049711182713508606,0.8055009096860886,False,False,1,0,15,0,True,False
sample01194,B seen = proxy,1.0,0.8620306253433228,0.00040921010076999664,0.8616214152425528,False,True,2,1,9,1,True,True
sample01195,B seen = proxy,1.0,0.9214529991149902,0.03192070499062538,0.8895322941243649,False,True,2,1,0,1,True,True
sample01196,B seen ≠ proxy,1.0,0.9178591966629028,0.02759869582951069,0.8902605008333921,False,False,1,0,13,0,True,False
sample01197,B seen ≠ proxy,0.8,0.8515610694885254,0.2174191176891327,0.6341419517993927,False,True,2,0,2,1,True,False
sample01198,B not seen,1.0,0.018908023834228516,-0.013099372386932373,0.03200739622116089,False,False,1,0,0,0,False,False
sample01199,B seen = proxy,0.9285714285714286,0.9211287498474121,0.03212111443281174,0.8890076354146004,False,True,2,2,13,2,True,True
sample01200,B seen = proxy,0.6666666666666666,0.9163681268692017,0.03623417019844055,0.8801339566707611,False,True,2,1,13,1,True,True
sample01201,B seen = proxy,0.6666666666666666,0.7693579196929932,0.1332789957523346,0.6360789239406586,False,True,2,2,0,2,True,True
sample01202,B seen = proxy,1.0,0.8568857312202454,0.03536887466907501,0.8215168565511703,False,True,2,1,7,1,True,True
sample01203,B seen = proxy,1.0,0.7289841771125793,0.3590194582939148,0.36996471881866455,False,True,2,1,0,1,True,True
sample01204,B not seen,1.0,0.11699195206165314,0.09754477441310883,0.01944717764854431,False,False,1,0,0,0,False,False
sample01205,B seen = proxy,1.0,0.893474280834198,0.02424246445298195,0.869231816381216,False,True,2,1,0,1,True,True
sample01206,B seen = proxy,1.0,0.9695943593978882,-0.015333368442952633,0.9849277278408408,False,True,2,1,0,1,True,True
sample01207,B not seen,1.0,0.01620645448565483,-1.0,1.0162064544856548,True,False,1,0,0,0,False,False
sample01208,B seen = proxy,1.0,0.7830122709274292,0.05069727450609207,0.7323149964213371,False,True,2,1,0,1,True,True
sample01209,B not seen,1.0,0.06238877773284912,-1.0,1.0623887777328491,True,False,1,0,0,0,False,False
sample01210,B not seen,1.0,0.04775077849626541,0.020734837278723717,0.027015941217541695,True,True,2,0,0,1,False,False
sample01211,B seen ≠ proxy,1.0,0.8409094214439392,0.4245131015777588,0.4163963198661804,False,False,1,0,18,0,True,False
sample01212,B seen ≠ proxy,1.0,0.8721858263015747,0.5134557485580444,0.3587300777435303,False,False,1,0,12,0,True,False
sample01213,B seen ≠ proxy,0.875,0.6912603378295898,0.07222625613212585,0.619034081697464,False,False,1,0,1,0,True,False
sample01214,B seen = proxy,1.0,0.8819410800933838,0.05973447114229202,0.8222066089510918,False,True,3,2,6,2,True,True
sample01215,B seen ≠ proxy,1.0,0.8713061213493347,0.11849527806043625,0.7528108432888985,False,True,6,1,8,11,True,False
sample01216,B seen ≠ proxy,1.0,0.8244214057922363,0.058899782598018646,0.7655216231942177,False,True,4,1,19,6,True,False
sample01217,B not seen,0.9230769230769231,0.06767594814300537,0.028666337952017784,0.03900961019098759,True,True,6,0,0,4,False,False
sample01218,B seen ≠ proxy,0.8333333333333334,0.8816469311714172,0.1332547813653946,0.7483921498060226,False,True,12,1,10,9,True,False
sample01219,B seen ≠ proxy,1.0,0.8794765472412109,0.0998002141714096,0.7796763330698013,False,True,7,1,12,5,True,False
sample01220,B seen ≠ proxy,0.8,0.8927701115608215,0.1161126047372818,0.7766575068235397,False,True,3,0,6,4,True,False
sample01221,B seen ≠ proxy,1.0,0.8926255702972412,0.0756920650601387,0.8169335052371025,False,True,5,1,5,4,True,False
sample01222,B seen ≠ proxy,1.0,0.9199336767196655,0.10514609515666962,0.8147875815629959,False,True,4,0,4,5,True,False
sample01223,B seen ≠ proxy,1.0,0.9135109186172485,0.07858506590127945,0.8349258527159691,False,True,3,0,7,4,True,False
sample01224,B seen ≠ proxy,0.6666666666666666,0.8382468223571777,0.0640392005443573,0.7742076218128204,False,True,2,0,4,6,True,False
sample01225,B seen = proxy,1.0,0.8640989661216736,0.4457821846008301,0.4183167815208435,False,True,3,7,10,7,True,True
sample01226,B seen = proxy,1.0,0.9144931435585022,0.05402771383523941,0.8604654297232628,False,True,4,5,14,5,True,True
sample01227,uncertain,0.6,0.4432830810546875,0.21622304618358612,0.22706003487110138,False,False,1,0,4,0,False,False
sample01228,B seen ≠ proxy,1.0,0.907975435256958,-0.01588522270321846,0.9238606579601765,False,False,1,0,3,0,True,False
sample01229,B seen ≠ proxy,1.0,0.8110235929489136,-0.0226435549557209,0.8336671479046345,False,False,1,0,7,0,True,False
sample01230,B seen = proxy,0.8,0.8874346017837524,0.05906052514910698,0.8283740766346455,False,True,2,5,10,5,True,True
sample01231,B not seen,0.875,0.33960193395614624,-0.04480421915650368,0.3844061531126499,False,True,2,0,0,1,False,False
sample01232,B seen = proxy,1.0,0.9568418860435486,0.026950666680932045,0.9298912193626165,False,True,2,1,11,1,True,True
sample01233,B seen ≠ proxy,0.6666666666666666,0.9110770225524902,0.28880852460861206,0.6222684979438782,False,False,1,0,7,0,True,False
sample01234,B seen = proxy,1.0,0.8770644068717957,-0.024968346580863,0.9020327534526587,False,True,2,2,6,2,True,True
sample01235,B seen ≠ proxy,1.0,0.8360946178436279,0.3802359998226166,0.45585861802101135,False,True,4,1,19,2,True,False
sample01236,uncertain,0.5,0.8773828744888306,0.36146292090415955,0.515919953584671,True,False,1,4,13,0,False,False
sample01237,B seen = proxy,1.0,0.9266283512115479,0.09332790225744247,0.8333004489541054,False,True,2,3,0,3,True,True
sample01238,B seen ≠ proxy,0.8571428571428571,0.9036993980407715,0.060464393347501755,0.8432350046932697,False,True,3,2,0,2,True,False
sample01239,B seen = proxy,1.0,0.9216561317443848,0.05479131639003754,0.8668648153543472,False,True,2,1,22,1,True,True
sample01240,B not seen,0.8,0.11018860340118408,0.02094307169318199,0.08924553170800209,True,False,1,0,0,0,False,False
sample01241,B seen = proxy,1.0,0.748201847076416,0.44661420583724976,0.30158764123916626,False,True,2,1,15,1,True,True
sample01242,B seen = proxy,1.0,0.9719700813293457,-0.0495823435485363,1.021552424877882,False,True,2,4,3,4,True,True
sample01243,B not seen,0.9230769230769231,0.13243570923805237,-1.0,1.1324357092380524,True,False,1,0,0,0,False,False
sample01244,B seen = proxy,0.8333333333333334,0.9223039150238037,0.05102388188242912,0.8712800331413746,False,True,2,2,0,2,True,True
sample01245,B seen ≠ proxy,1.0,0.9374608993530273,-0.008067825809121132,0.9455287251621485,False,False,1,0,19,0,True,False
sample01246,B seen = proxy,1.0,0.9501938819885254,-0.015677157789468765,0.9658710397779942,False,True,2,1,11,1,True,True
sample01247,B seen = proxy,0.7,0.7564506530761719,0.020654596388339996,0.7357960566878319,False,True,5,1,10,1,True,True
sample01248,B seen = proxy,1.0,0.8201882839202881,0.5131963491439819,0.30699193477630615,False,True,2,1,7,1,True,True
sample01249,B seen = proxy,1.0,0.7746337652206421,0.5316697359085083,0.2429640293121338,False,True,2,1,10,1,True,True
sample01250,B seen ≠ proxy,0.7857142857142857,0.9259313344955444,-0.04917534813284874,0.9751066826283932,False,False,1,0,18,0,True,False
sample01251,B seen = proxy,1.0,0.9488105773925781,-0.012267342768609524,0.9610779201611876,False,True,2,1,11,1,True,True
sample01252,B seen = proxy,0.8333333333333334,0.9056826829910278,-0.016963481903076172,0.922646164894104,False,True,2,1,0,1,True,True
sample01253,B seen = proxy,0.8666666666666667,0.9533164501190186,-0.021191269159317017,0.9745077192783356,False,True,2,2,16,2,True,True
sample01254,B seen = proxy,1.0,0.9412781596183777,-0.0285947248339653,0.969872884452343,False,True,2,2,11,2,True,True
sample01255,B seen ≠ proxy,0.7142857142857143,0.9052866101264954,-0.011188989505171776,0.9164755996316671,False,False,1,0,5,0,True,False
sample01256,B seen = proxy,0.7777777777777778,0.8361986875534058,0.49673891067504883,0.33945977687835693,False,True,2,1,1,1,True,True
sample01257,B seen = proxy,0.8333333333333334,0.9636037349700928,0.43113574385643005,0.5324679911136627,False,True,2,2,7,2,True,True
sample01258,B seen = proxy,0.8333333333333334,0.7967664003372192,0.19995765388011932,0.5968087464570999,False,True,2,1,0,1,True,True
sample01259,B seen = proxy,0.9,0.8747702836990356,0.04041039198637009,0.8343598917126656,False,True,2,1,25,1,True,True
sample01260,B seen = proxy,1.0,0.9187616109848022,-0.07753443717956543,0.9962960481643677,False,True,2,1,12,1,True,True
sample01261,B seen = proxy,1.0,0.9452662467956543,-0.09375445544719696,1.0390207022428513,False,True,2,2,8,2,True,True
sample01262,B not seen,0.6,-0.09277623891830444,-1.0,0.9072237610816956,True,False,1,0,0,0,False,False
sample01263,B seen = proxy,0.9411764705882353,0.9270830750465393,-0.0532684251666069,0.9803515002131462,False,True,2,6,16,6,True,True
sample01264,B seen = proxy,1.0,0.8805059194564819,-0.03517497330904007,0.915680892765522,False,True,2,1,15,1,True,True
sample01265,B seen ≠ proxy,1.0,0.9175159931182861,0.2728904187679291,0.6446255743503571,False,True,3,2,0,2,True,False
sample01266,B seen = proxy,0.6666666666666666,0.9032871723175049,0.38953524827957153,0.5137519240379333,False,True,3,4,9,4,True,True
sample01267,B seen ≠ proxy,1.0,0.9817023277282715,0.057457998394966125,0.9242443293333054,False,True,4,4,6,8,True,False
sample01268,B seen ≠ proxy,0.7692307692307693,0.8928385376930237,0.3766150176525116,0.5162235200405121,False,False,1,0,12,0,True,False
sample01269,B seen ≠ proxy,1.0,0.9724295735359192,0.07231216132640839,0.9001174122095108,False,True,3,1,13,4,True,False
sample01270,B seen = proxy,1.0,0.9532132148742676,0.3039265275001526,0.649286687374115,False,True,2,1,15,1,True,True
sample01271,B seen ≠ proxy,1.0,0.8694157600402832,0.00541858933866024,0.863997170701623,False,False,1,0,15,0,True,False
sample01272,B seen = proxy,0.8,0.7944850325584412,0.5136315822601318,0.2808534502983093,False,True,2,6,2,6,True,True
sample01273,B seen ≠ proxy,0.7142857142857143,0.9413011074066162,0.06520605832338333,0.8760950490832329,False,False,1,0,24,0,True,False
sample01274,B seen = proxy,1.0,0.8685012459754944,0.5169343948364258,0.3515668511390686,False,True,2,1,0,1,True,True
sample01275,B seen = proxy,0.5714285714285714,0.7877136468887329,0.008816033601760864,0.778897613286972,False,True,2,2,0,2,True,True
sample01276,B seen = proxy,1.0,0.8804222345352173,0.11285088956356049,0.7675713449716568,False,True,4,3,15,3,True,True
sample01277,B seen = proxy,0.75,0.8727712631225586,-0.014351366087794304,0.8871226292103529,False,True,2,1,14,1,True,True
sample01278,B seen = proxy,1.0,0.9480727910995483,0.020106520503759384,0.927966270595789,False,True,2,1,11,1,True,True
sample01279,B seen ≠ proxy,0.9,0.8686382174491882,0.08819415420293808,0.7804440632462502,False,False,1,0,4,0,True,False
sample01280,B not seen,0.7777777777777778,0.0621994286775589,0.05893363803625107,0.003265790641307831,False,False,1,0,0,0,False,False
sample01281,B seen = proxy,0.9,0.8459924459457397,0.013652639463543892,0.8323398064821959,False,True,2,1,8,1,True,True
sample01282,B seen = proxy,0.9,0.7104527950286865,-0.09151773154735565,0.8019705265760422,False,True,2,1,6,1,True,True
sample01283,B seen ≠ proxy,0.9411764705882353,0.6704476475715637,0.09077519923448563,0.5796724483370781,False,True,4,0,8,3,True,False
sample01284,B seen = proxy,0.625,0.8188477754592896,0.5579280853271484,0.2609196901321411,False,True,2,2,4,2,True,True
sample01285,B seen ≠ proxy,1.0,0.7923332452774048,-0.06928715109825134,0.8616203963756561,False,False,1,0,15,0,True,False
sample01286,B seen ≠ proxy,0.7272727272727273,0.8433146476745605,-0.0938621237874031,0.9371767714619637,False,False,1,0,6,0,True,False
sample01287,B not seen,0.9166666666666666,-0.07772901654243469,-1.0,0.9222709834575653,True,False,1,0,0,0,False,False
sample01288,B seen = proxy,1.0,0.9518539905548096,-0.07093951851129532,1.0227935090661049,False,True,2,1,13,1,True,True
sample01289,B seen = proxy,1.0,0.9735332727432251,-0.09981034696102142,1.0733436197042465,False,True,2,1,1,1,True,True
sample01290,B seen ≠ proxy,0.9090909090909091,0.7910345792770386,-0.03761550039052963,0.8286500796675682,False,False,1,0,9,0,True,False
sample01291,uncertain,0.8461538461538461,0.8061544895172119,-0.019512038677930832,0.8256665281951427,True,True,2,4,6,4,False,False
sample01292,B seen ≠ proxy,0.5555555555555556,0.9518635272979736,0.03383525833487511,0.9180282689630985,False,True,2,0,14,9,True,False
sample01293,B seen = proxy,1.0,0.8612692356109619,0.05096674710512161,0.8103024885058403,False,True,2,4,18,4,True,True
sample01294,B seen = proxy,1.0,0.8115971684455872,0.052737340331077576,0.7588598281145096,False,True,2,1,9,1,True,True
sample01295,B seen ≠ proxy,0.8333333333333334,0.800045371055603,0.09061383455991745,0.7094315364956856,False,False,1,0,6,0,True,False
sample01296,B seen = proxy,1.0,0.9812378883361816,0.008660178631544113,0.9725777097046375,False,True,2,3,9,3,True,True
sample01297,B seen = proxy,0.9,0.8406404852867126,0.034042999148368835,0.8065974861383438,False,True,2,1,22,1,True,True
sample01298,B seen = proxy,1.0,0.9332285523414612,0.0820983275771141,0.8511302247643471,False,True,2,2,15,2,True,True
sample01299,B not seen,1.0,0.031808823347091675,-1.0,1.0318088233470917,True,False,1,0,0,0,False,False
sample01300,B not seen,0.7142857142857143,0.08753594756126404,-1.0,1.087535947561264,True,False,1,0,0,0,False,False
sample01301,B seen = proxy,1.0,0.9199703931808472,0.08730137348175049,0.8326690196990967,False,True,2,5,25,5,True,True
sample01302,B seen ≠ proxy,0.7,0.9241871237754822,0.054846473038196564,0.8693406507372856,False,False,1,0,12,0,True,False
sample01303,B seen = proxy,0.9090909090909091,0.9151780009269714,0.06925782561302185,0.8459201753139496,False,True,2,7,7,7,True,True
sample01304,B seen ≠ proxy,0.625,0.8805665969848633,0.026351461187005043,0.8542151357978582,False,True,3,1,11,2,True,False
sample01355,B seen ≠ proxy,1.0,0.7520993947982788,0.023716526105999947,0.7283828686922789,False,True,2,0,7,5,True,False
sample01356,B not seen,0.8333333333333334,-0.09666206687688828,-1.0,0.9033379331231117,True,False,1,0,0,0,False,False
sample01357,B seen = proxy,1.0,0.9565149545669556,0.02073049172759056,0.935784462839365,False,True,2,1,0,1,True,True
sample01358,B seen = proxy,1.0,0.8352542519569397,-0.019904661923646927,0.8551589138805866,False,True,2,1,21,1,True,True
sample01359,B not seen,1.0,-0.08236610889434814,-1.0,0.9176338911056519,True,False,1,0,0,0,False,False
sample01360,B not seen,0.8333333333333334,-0.03285404294729233,-1.0,0.9671459570527077,True,False,1,0,0,0,False,False
sample01361,uncertain,0.5,0.9364422559738159,-0.08544644713401794,1.0218887031078339,True,False,1,8,11,0,False,False
sample01362,B not seen,0.75,-0.05144941806793213,-1.0,0.9485505819320679,True,False,1,0,0,0,False,False
sample01363,B seen ≠ proxy,1.0,0.9040859937667847,-0.08406780660152435,0.988153800368309,False,False,1,0,19,0,True,False
sample01364,B seen = proxy,1.0,0.8020931482315063,0.03870660811662674,0.7633865401148796,False,True,2,1,2,1,True,True
sample01365,B seen = proxy,0.8571428571428571,0.8934646844863892,0.05390872061252594,0.8395559638738632,False,True,2,2,17,2,True,True
sample01366,B seen = proxy,1.0,0.7668588757514954,0.0729365348815918,0.6939223408699036,False,True,2,1,10,1,True,True
sample01367,B seen ≠ proxy,0.8333333333333334,0.9309006929397583,0.04878281429409981,0.8821178786456585,False,False,1,0,7,0,True,False
sample01368,B seen = proxy,0.8888888888888888,0.9046802520751953,0.052945688366889954,0.8517345637083054,False,True,2,1,6,1,True,True
sample01369,B seen = proxy,0.8333333333333334,0.793803870677948,-0.009906118735671043,0.803709989413619,False,True,2,1,5,1,True,True
sample01370,B seen = proxy,0.5,0.8712306022644043,0.11272384226322174,0.7585067600011826,False,True,2,1,9,1,True,True
sample01371,B seen ≠ proxy,1.0,0.6181345582008362,0.08256565034389496,0.5355689078569412,False,False,1,0,9,0,True,False
sample01372,B not seen,0.875,0.07521894574165344,0.055990058928728104,0.01922888681292534,True,False,1,0,0,0,False,False
sample01373,B not seen,1.0,0.04147244989871979,-1.0,1.0414724498987198,True,False,1,0,0,0,False,False
sample01374,B seen ≠ proxy,1.0,0.896140992641449,0.04796624928712845,0.8481747433543205,False,False,1,0,7,0,True,False
sample01375,B seen ≠ proxy,1.0,0.6153590679168701,0.5114448666572571,0.10391420125961304,False,True,3,0,8,1,True,False
sample01376,B seen = proxy,1.0,0.6659756898880005,0.0009277742356061935,0.6650479156523943,False,True,2,3,0,3,True,True
sample01377,B not seen,0.8571428571428571,0.24074015021324158,0.2126987725496292,0.028041377663612366,False,False,1,0,0,0,False,False
sample01378,B seen = proxy,1.0,0.9342756271362305,0.04808274656534195,0.8861928805708885,False,True,2,2,3,2,True,True
sample01379,B seen ≠ proxy,0.625,0.9614589214324951,0.038814421743154526,0.9226444996893406,False,False,1,0,11,0,True,False
sample01380,B seen = proxy,1.0,0.9119220972061157,0.07182438671588898,0.8400977104902267,False,True,2,1,0,1,True,True
sample01381,B seen ≠ proxy,1.0,0.8848732709884644,-0.004953589290380478,0.8898268602788448,False,False,1,0,15,0,True,False
sample01382,B not seen,1.0,-0.007938327267765999,-1.0,0.992061672732234,True,False,1,0,0,0,False,False
sample01383,B seen = proxy,1.0,0.8970857262611389,0.036089539527893066,0.8609961867332458,False,True,2,1,5,1,True,True
sample01384,B seen = proxy,1.0,0.8262432217597961,0.06635016947984695,0.7598930522799492,False,True,2,1,10,1,True,True
sample01385,B seen ≠ proxy,1.0,0.7291007041931152,0.034253962337970734,0.6948467418551445,False,False,1,0,3,0,True,False
sample01386,B seen ≠ proxy,0.875,0.9573506116867065,0.009866511449217796,0.9474841002374887,False,False,1,0,7,0,True,False
sample01387,B seen ≠ proxy,0.6666666666666666,0.954245924949646,-0.033972226083278656,0.9882181510329247,False,False,1,0,9,0,True,False
sample01388,B seen ≠ proxy,1.0,0.9621917009353638,0.00967610627412796,0.9525155946612358,False,False,1,0,7,0,True,False
sample01389,B seen = proxy,1.0,0.8590795993804932,0.017154233530163765,0.8419253658503294,False,True,2,3,16,3,True,True
sample01390,B seen ≠ proxy,0.75,0.901503324508667,0.017655648291110992,0.883847676217556,False,False,1,0,20,0,True,False
sample01391,B seen = proxy,1.0,0.9206805229187012,0.049078404903411865,0.8716021180152893,False,True,2,1,16,1,True,True
sample01392,B seen = proxy,0.8333333333333334,0.9321293234825134,0.02342968061566353,0.9086996428668499,False,True,2,2,0,2,True,True
sample01393,B seen = proxy,0.8,0.9635501503944397,0.014435112476348877,0.9491150379180908,False,True,2,2,8,2,True,True
sample01394,B seen = proxy,1.0,0.9614757299423218,0.010160288773477077,0.9513154411688447,False,True,2,2,12,2,True,True
sample01395,B seen = proxy,0.75,0.8559695482254028,-0.02379048429429531,0.8797600325196981,False,True,2,4,10,4,True,True
sample01396,B seen = proxy,0.8571428571428571,0.9495888948440552,0.005168782081454992,0.9444201127626002,False,True,2,1,15,1,True,True
sample01397,B not seen,0.6,0.11334851384162903,0.027268707752227783,0.08607980608940125,False,True,2,0,0,1,False,False
sample01398,B not seen,0.7777777777777778,0.0293839480727911,-1.0,1.029383948072791,True,False,1,0,0,0,False,False
sample01399,B seen = proxy,1.0,0.930799663066864,0.06151285767555237,0.8692868053913116,False,True,2,1,1,1,True,True
sample01400,B seen = proxy,0.875,0.9103314876556396,0.0789385735988617,0.831392914056778,False,True,2,1,4,1,True,True
sample01401,B seen = proxy,1.0,0.8773477673530579,0.03615782409906387,0.841189943253994,False,True,2,1,0,1,True,True
sample01402,B seen = proxy,0.75,0.8068348169326782,0.00442124716937542,0.8024135697633028,False,True,2,1,6,1,True,True
sample01403,B seen = proxy,0.8888888888888888,0.9509496092796326,0.07100552320480347,0.8799440860748291,False,True,2,2,5,2,True,True
sample01404,B seen ≠ proxy,0.8333333333333334,0.9570664167404175,-0.008888643234968185,0.9659550599753857,False,False,1,0,10,0,True,False
sample01405,B seen = proxy,1.0,0.7750969529151917,0.02209046483039856,0.7530064880847931,False,True,2,1,11,1,True,True
sample01406,B seen = proxy,1.0,0.8389214277267456,0.6157915592193604,0.22312986850738525,False,True,2,1,10,1,True,True
sample01407,B not seen,0.8333333333333334,0.139139324426651,0.09530670940876007,0.04383261501789093,False,True,2,0,0,8,False,False
sample01408,B seen = proxy,0.875,0.9478507041931152,-0.0034553278237581253,0.9513060320168734,False,True,2,3,14,3,True,True
sample01409,B not seen,0.6,0.04103594645857811,-1.0,1.041035946458578,True,False,1,0,0,0,False,False
sample01410,B seen = proxy,1.0,0.9322217702865601,0.017564445734024048,0.914657324552536,False,True,2,2,0,2,True,True
sample01411,B seen ≠ proxy,0.9230769230769231,0.7954367995262146,0.03169969469308853,0.7637371048331261,False,False,1,0,4,0,True,False
sample01412,B seen = proxy,1.0,0.8527116775512695,0.02751860022544861,0.8251930773258209,False,True,2,2,14,2,True,True
sample01413,B not seen,0.8,0.032205164432525635,-1.0,1.0322051644325256,True,False,1,0,0,0,False,False
sample01414,B seen = proxy,1.0,0.8929522037506104,-0.0035894792526960373,0.8965416830033064,False,True,2,1,11,1,True,True
sample01415,B seen = proxy,1.0,0.8399443626403809,-0.02112804539501667,0.8610724080353975,False,True,2,1,0,1,True,True
sample01416,B seen ≠ proxy,0.9090909090909091,0.901779055595398,-0.024703586474061012,0.926482642069459,False,False,1,0,13,0,True,False
sample01417,B not seen,1.0,-0.004103454761207104,-1.0,0.9958965452387929,True,False,1,0,0,0,False,False
sample01418,B seen ≠ proxy,1.0,0.9081835746765137,0.009746832773089409,0.8984367419034243,False,False,1,0,15,0,True,False
sample01419,B seen = proxy,1.0,0.7542804479598999,0.04572935029864311,0.7085510976612568,False,True,2,3,10,3,True,True
sample01420,B seen ≠ proxy,0.8888888888888888,0.8293771743774414,0.03092893585562706,0.7984482385218143,False,False,1,0,15,0,True,False
sample01421,B seen = proxy,1.0,0.9238764047622681,0.01734323240816593,0.9065331723541021,False,True,2,1,1,1,True,True
sample01422,B seen = proxy,0.8,0.8299501538276672,0.05333393067121506,0.7766162231564522,False,True,2,1,12,1,True,True
sample01423,B seen = proxy,1.0,0.9322042465209961,0.011696653440594673,0.9205075930804014,False,True,2,2,11,2,True,True
sample01424,B seen = proxy,1.0,0.8918145895004272,0.4651077091693878,0.42670688033103943,False,True,2,2,0,2,True,True
sample01425,B not seen,1.0,0.08157560229301453,0.07211503386497498,0.00946056842803955,True,False,1,0,0,0,False,False
sample01426,B seen = proxy,1.0,0.9044417142868042,-0.04711630940437317,0.9515580236911774,False,True,2,1,0,1,True,True
sample01427,B seen = proxy,1.0,0.7447644472122192,-0.02682856097817421,0.7715930081903934,False,True,2,2,0,2,True,True
sample01428,B not seen,1.0,-0.002826029434800148,-1.0,0.9971739705651999,True,False,1,0,0,0,False,False
sample01429,B seen ≠ proxy,1.0,0.8816783428192139,0.013912269845604897,0.867766072973609,False,False,1,0,11,0,True,False
sample01430,B seen = proxy,1.0,0.8554854989051819,0.2685471773147583,0.5869383215904236,False,True,2,1,0,1,True,True
sample01431,B seen = proxy,1.0,0.8915806412696838,0.02687501162290573,0.8647056296467781,False,True,2,1,9,1,True,True
sample01432,B seen ≠ proxy,0.8888888888888888,0.9331566095352173,0.10631094127893448,0.8268456682562828,False,False,1,0,9,0,True,False
sample01433,uncertain,0.6,0.9412198066711426,0.06433112919330597,0.8768886774778366,True,True,2,3,16,1,False,False
sample01434,uncertain,1.0,0.8706672191619873,7.534213364124298e-05,0.8705918770283461,True,True,2,3,11,2,False,False
sample01435,B seen = proxy,1.0,0.916408896446228,0.031874559819698334,0.8845343366265297,False,True,2,2,0,2,True,True
sample01436,B seen ≠ proxy,1.0,0.598270058631897,-0.06399724632501602,0.662267304956913,False,False,1,0,9,0,True,False
sample01437,B seen ≠ proxy,1.0,0.6738051772117615,0.3300025463104248,0.34380263090133667,False,True,3,0,5,7,True,False
sample01438,B seen ≠ proxy,1.0,0.9691633582115173,-0.03739931434392929,1.0065626725554466,False,False,1,0,5,0,True,False
sample01439,B seen ≠ proxy,0.5,0.8803585767745972,-0.06656143814325333,0.9469200149178505,False,False,1,0,13,0,True,False
sample01440,B not seen,1.0,0.38507795333862305,0.23897689580917358,0.14610105752944946,False,False,1,0,0,0,False,False
sample01441,B seen ≠ proxy,1.0,0.844714879989624,0.05438000708818436,0.7903348729014397,False,False,1,0,5,0,True,False
sample01442,B seen ≠ proxy,1.0,0.9590935707092285,0.014748006127774715,0.9443455645814538,False,False,1,0,17,0,True,False
sample01443,B not seen,0.8888888888888888,0.02106824330985546,-1.0,1.0210682433098555,True,False,1,0,0,0,False,False
sample01444,B seen ≠ proxy,0.8888888888888888,0.9185912013053894,0.033859603106975555,0.8847315981984138,False,False,1,0,6,0,True,False
sample01445,B not seen,0.875,-0.015100041404366493,-1.0,0.9848999585956335,True,False,1,0,0,0,False,False
sample01446,B seen = proxy,1.0,0.963152289390564,-0.024291787296533585,0.9874440766870975,False,True,2,4,0,4,True,True
sample01447,B seen = proxy,1.0,0.7756932973861694,0.031139418482780457,0.744553878903389,False,True,3,1,2,1,True,True
sample01448,B seen ≠ proxy,0.7777777777777778,0.9522489309310913,-0.028382986783981323,0.9806319177150726,False,False,1,0,6,0,True,False
sample01449,B seen = proxy,1.0,0.9222698211669922,-0.0355701819062233,0.9578400030732155,False,True,2,1,4,1,True,True
sample01450,B seen = proxy,0.8,0.9583728313446045,-0.024697083979845047,0.9830699153244495,False,True,2,2,18,2,True,True
sample01451,B seen = proxy,1.0,0.9431650638580322,0.007279014214873314,0.9358860496431589,False,True,2,1,8,1,True,True
sample01452,B seen = proxy,1.0,0.9301784634590149,0.013399958610534668,0.9167785048484802,False,True,2,1,0,1,True,True
sample01453,B seen ≠ proxy,1.0,0.8933683633804321,0.07470408827066422,0.8186642751097679,False,True,3,1,0,1,True,False
sample01454,B seen ≠ proxy,1.0,0.8826500177383423,0.07315428555011749,0.8094957321882248,False,True,3,2,0,7,True,False
sample01455,B seen ≠ proxy,1.0,0.9485136866569519,0.16247747838497162,0.7860362082719803,False,True,3,2,7,2,True,False
sample01456,B seen = proxy,1.0,0.8862320184707642,0.06514666974544525,0.8210853487253189,False,True,2,2,0,2,True,True
sample01457,B seen = proxy,1.0,0.8248872756958008,-0.005067760124802589,0.8299550358206034,False,True,4,1,0,1,True,True
sample01458,uncertain,1.0,0.5046824812889099,0.06374244391918182,0.4409400373697281,False,False,1,0,14,0,True,False
sample01459,B seen ≠ proxy,1.0,0.9447739124298096,0.02773459628224373,0.9170393161475658,False,False,1,0,12,0,True,False
sample01460,B seen = proxy,1.0,0.9413197040557861,0.0012503024190664291,0.9400694016367197,False,True,2,1,18,1,True,True
sample01461,B seen = proxy,0.8,0.9708023071289062,0.022809017449617386,0.9479932896792889,False,True,2,1,5,1,True,True
sample01462,B seen = proxy,1.0,0.9035093188285828,0.005495937075465918,0.8980133817531168,False,True,2,1,15,1,True,True
sample01463,B seen = proxy,0.6153846153846154,0.9500870108604431,0.35983166098594666,0.5902553498744965,False,True,2,1,11,1,True,True
sample01464,B seen = proxy,1.0,0.7624930143356323,0.5725954174995422,0.1898975968360901,False,True,2,1,11,1,True,True
sample01465,B seen ≠ proxy,0.75,0.906317949295044,0.3309411406517029,0.5753768086433411,False,False,1,0,14,0,True,False
sample01466,B seen = proxy,1.0,0.9253230094909668,0.10833459347486496,0.8169884160161018,False,True,2,1,14,1,True,True
sample01467,B seen = proxy,1.0,0.9334725141525269,0.07715103775262833,0.8563214763998985,False,True,2,1,14,1,True,True
sample01468,B seen = proxy,0.9090909090909091,0.9514371156692505,0.02548515424132347,0.925951961427927,False,True,2,1,0,1,True,True
sample01469,B seen = proxy,0.9166666666666666,0.914291501045227,-0.080933578312397,0.995225079357624,False,True,2,1,13,1,True,True
sample01470,B seen = proxy,1.0,0.8679620623588562,-0.0035317279398441315,0.8714937902987003,False,True,3,1,15,1,True,True
sample01471,B seen ≠ proxy,0.6666666666666666,0.8148694038391113,-0.022549115121364594,0.8374185189604759,False,False,1,0,4,0,True,False
sample01472,B seen = proxy,0.7692307692307693,0.9515241384506226,-0.032134316861629486,0.983658455312252,False,True,2,4,20,4,True,True
sample01473,B seen = proxy,1.0,0.906069815158844,-0.055181413888931274,0.9612512290477753,False,True,2,2,16,2,True,True
sample01474,B seen = proxy,0.8571428571428571,0.875676155090332,-0.06268804520368576,0.9383642002940178,False,True,2,1,9,1,True,True
sample01475,B seen = proxy,0.6,0.9201853275299072,-0.08900012075901031,1.0091854482889175,False,True,2,1,14,1,True,True
sample01476,B seen = proxy,0.6,0.5526082515716553,0.06734416633844376,0.4852640852332115,False,True,2,3,0,3,True,True
sample01477,B seen = proxy,0.8888888888888888,0.9133619666099548,0.08828959614038467,0.8250723704695702,False,True,2,1,0,1,True,True
sample01478,B seen ≠ proxy,0.6363636363636364,0.9515766501426697,0.06032310426235199,0.8912535458803177,False,False,1,0,6,0,True,False
sample01479,B seen = proxy,0.8571428571428571,0.9060726165771484,-0.015297941863536835,0.9213705584406853,False,True,2,1,15,1,True,True
sample01480,B seen = proxy,1.0,0.9273878931999207,-0.027598334476351738,0.9549862276762724,False,True,2,1,7,1,True,True
sample01481,B seen ≠ proxy,0.75,0.9773770570755005,-0.04568849503993988,1.0230655521154404,False,False,1,0,7,0,True,False
sample01482,B seen = proxy,1.0,0.9162086248397827,-0.0918765440583229,1.0080851688981056,False,True,2,2,2,2,True,True
sample01483,B seen = proxy,0.9166666666666666,0.9316015839576721,-0.08361750841140747,1.0152190923690796,False,True,2,2,0,2,True,True
sample01484,B seen = proxy,1.0,0.9311297535896301,-0.06571091711521149,0.9968406707048416,False,True,2,1,13,1,True,True
sample01485,B seen = proxy,1.0,0.9026434421539307,-0.05105138570070267,0.9536948278546333,False,True,2,1,11,1,True,True
sample01486,B seen ≠ proxy,0.7142857142857143,0.8043324947357178,-0.058897171169519424,0.8632296659052372,False,False,1,0,20,0,True,False
sample01487,B seen ≠ proxy,0.7272727272727273,0.5805286765098572,0.06681692600250244,0.5137117505073547,False,False,1,0,25,0,True,False
sample01488,B seen = proxy,0.8571428571428571,0.9496650099754333,0.08793981373310089,0.8617251962423325,False,True,2,3,14,3,True,True
sample01489,B seen = proxy,1.0,0.9214602708816528,0.08395150303840637,0.8375087678432465,False,True,2,2,10,2,True,True
sample01490,B seen ≠ proxy,0.85,0.9571655988693237,0.09271680563688278,0.864448793232441,False,False,1,0,19,0,True,False
sample01491,B seen = proxy,1.0,0.8827645778656006,0.05125991255044937,0.8315046653151512,False,True,2,1,3,1,True,True
sample01492,B seen = proxy,1.0,0.8615050315856934,0.12335667014122009,0.7381483614444733,False,True,2,2,8,2,True,True
sample01493,B seen ≠ proxy,0.9,0.9307689070701599,0.09629373252391815,0.8344751745462418,False,False,1,0,12,0,True,False
sample01494,B seen = proxy,0.5,0.8761731386184692,-0.03598342090845108,0.9121565595269203,False,True,2,2,7,2,True,True
sample01495,B seen ≠ proxy,0.8,0.8164793848991394,0.010961044579744339,0.8055183403193951,False,False,1,0,11,0,True,False
sample01496,B not seen,0.9090909090909091,0.004937129095196724,-1.0,1.0049371290951967,True,False,1,0,0,0,False,False
sample01497,B seen ≠ proxy,0.7142857142857143,0.8378630876541138,-0.03195643424987793,0.8698195219039917,False,False,1,0,18,0,True,False
sample01498,B seen = proxy,1.0,0.7491883039474487,0.012266106903553009,0.7369221970438957,False,True,2,1,7,1,True,True
sample01499,B seen ≠ proxy,0.7857142857142857,0.9086202383041382,0.31622982025146484,0.5923904180526733,False,False,1,0,12,0,True,False
sample01500,B not seen,1.0,-0.06242804974317551,-1.0,0.9375719502568245,True,False,1,0,0,0,False,False
sample01501,B seen = proxy,0.7142857142857143,0.9539369344711304,-0.1352875828742981,1.0892245173454285,False,True,2,3,19,3,True,True
sample01502,B seen = proxy,0.7777777777777778,0.8876133561134338,0.031010035425424576,0.8566033206880093,False,True,2,2,0,2,True,True
sample01503,B seen ≠ proxy,0.9,0.596234917640686,0.05031793937087059,0.5459169782698154,False,False,1,0,9,0,True,False
sample01504,B not seen,1.0,0.0301361046731472,-1.0,1.0301361046731472,True,False,1,0,0,0,False,False
sample01505,B seen = proxy,1.0,0.9450179934501648,0.01487009972333908,0.9301478937268257,False,True,2,1,14,1,True,True
sample01506,B seen ≠ proxy,0.5555555555555556,0.9737330675125122,0.03724675625562668,0.9364863112568855,False,False,1,0,18,0,True,False
sample01507,B seen = proxy,1.0,0.8541241884231567,0.07769179344177246,0.7764323949813843,False,True,2,2,6,2,True,True
sample01508,B seen ≠ proxy,0.5714285714285714,0.9300075769424438,-0.02876541018486023,0.9587729871273041,False,False,1,0,5,0,True,False
sample01509,B seen = proxy,0.8888888888888888,0.9757126569747925,-0.042089350521564484,1.017802007496357,False,True,2,2,15,2,True,True
sample01510,B seen = proxy,1.0,0.9042142033576965,0.004885370843112469,0.8993288325145841,False,True,2,2,2,2,True,True
sample01511,B seen = proxy,1.0,0.8634895086288452,0.4284345209598541,0.4350549876689911,False,True,3,2,0,2,True,True
sample01512,B seen ≠ proxy,1.0,0.8757108449935913,0.19172605872154236,0.683984786272049,False,True,3,1,0,5,True,False
sample01513,B seen ≠ proxy,0.7272727272727273,0.8440351486206055,0.07135917991399765,0.7726759687066078,False,False,1,0,8,0,True,False
sample01514,uncertain,0.2222222222222222,0.771510899066925,0.16315849125385284,0.6083524078130722,False,True,2,3,17,3,False,False
sample01515,B seen = proxy,1.0,0.7665045857429504,0.7041904926300049,0.06231409311294556,False,True,3,1,2,1,True,True
sample01516,B seen = proxy,0.75,0.7882391214370728,0.07301309704780579,0.715226024389267,False,True,2,1,11,1,True,True
sample01517,B seen = proxy,1.0,0.9352540969848633,-0.02588387206196785,0.9611379690468311,False,True,2,2,7,2,True,True
sample01518,B seen = proxy,1.0,0.8535259366035461,-0.05262255296111107,0.9061484895646572,False,True,2,1,14,1,True,True
sample01519,B seen = proxy,0.8888888888888888,0.8962355852127075,-0.039846695959568024,0.9360822811722755,False,True,2,1,0,1,True,True
sample01520,B seen ≠ proxy,0.6666666666666666,0.9381597638130188,-0.03858179599046707,0.9767415598034859,False,False,1,0,17,0,True,False
sample01521,B seen = proxy,0.8571428571428571,0.9605686068534851,-0.04997482895851135,1.0105434358119965,False,True,2,1,11,1,True,True
sample01522,B seen = proxy,1.0,0.5503766536712646,-0.03946077823638916,0.5898374319076538,False,True,2,1,20,1,True,True
sample01523,B seen = proxy,1.0,0.8853486776351929,0.06064866483211517,0.8247000128030777,False,True,2,3,11,3,True,True
sample01524,B seen = proxy,0.75,0.8121925592422485,0.06463931500911713,0.7475532442331314,False,True,2,1,17,1,True,True
sample01525,B seen ≠ proxy,0.8333333333333334,0.6891897916793823,0.04126749932765961,0.6479222923517227,False,False,1,0,4,0,True,False
sample01526,B seen = proxy,0.8,0.9095747470855713,0.046267978847026825,0.8633067682385445,False,True,2,1,18,1,True,True
sample01527,B seen ≠ proxy,1.0,0.7579277157783508,0.12994958460330963,0.6279781311750412,False,True,2,0,5,4,True,False
sample01528,B seen = proxy,0.9333333333333333,0.9201480150222778,0.030478158965706825,0.889669856056571,False,True,2,1,12,1,True,True
sample01529,B seen = proxy,0.967741935483871,0.9775933623313904,0.13532832264900208,0.8422650396823883,False,True,2,1,32,1,True,True
sample01530,B seen ≠ proxy,0.9166666666666666,0.9391907453536987,0.03073151595890522,0.9084592293947935,False,True,6,1,0,4,True,False
sample01531,B not seen,0.625,0.12042206525802612,0.10353665053844452,0.016885414719581604,False,False,1,0,0,0,False,False
sample01532,B not seen,0.5454545454545454,-0.08008778095245361,-1.0,0.9199122190475464,True,False,1,0,0,0,False,False
sample01533,B seen ≠ proxy,0.8888888888888888,0.9646801352500916,-0.04942479729652405,1.0141049325466156,False,False,1,0,6,0,True,False
sample01534,B seen = proxy,1.0,0.9406238794326782,-0.08958341181278229,1.0302072912454605,False,True,2,1,13,1,True,True
sample01535,B seen = proxy,0.5833333333333334,0.9199026823043823,-0.0881062000989914,1.0080088824033737,False,True,2,1,8,1,True,True
sample01536,B seen ≠ proxy,0.7857142857142857,0.9682142734527588,0.07561583817005157,0.8925984352827072,False,True,3,0,14,7,True,False
sample01537,B seen ≠ proxy,1.0,0.6203868389129639,0.3237346410751343,0.2966521978378296,False,True,3,1,13,13,True,False
sample01538,B seen ≠ proxy,1.0,0.9750139713287354,0.07299888134002686,0.9020150899887085,False,True,3,1,13,1,True,False
sample01539,B seen ≠ proxy,0.625,0.9248078465461731,0.07430846989154816,0.8504993766546249,False,True,3,1,11,1,True,False
sample01540,B seen ≠ proxy,1.0,0.941340982913971,0.1215016096830368,0.8198393732309341,False,True,3,3,17,5,True,False
sample01541,B seen ≠ proxy,1.0,0.5952277779579163,-0.02989334426820278,0.625121122226119,False,False,1,0,8,0,True,False
sample01542,B seen ≠ proxy,0.8571428571428571,0.9413018226623535,-0.03431316465139389,0.9756149873137474,False,False,1,0,8,0,True,False
sample01543,B seen = proxy,0.8333333333333334,0.831432580947876,-0.03691377490758896,0.8683463558554649,False,True,2,2,3,2,True,True
sample01544,B seen = proxy,1.0,0.6158262491226196,0.017385363578796387,0.5984408855438232,False,True,2,2,0,2,True,True
sample01545,B seen ≠ proxy,0.9375,0.8065584301948547,0.05067335069179535,0.7558850795030594,False,False,1,0,9,0,True,False
sample01546,B seen = proxy,1.0,0.8322436213493347,0.04637967050075531,0.7858639508485794,False,True,2,1,11,1,True,True
sample01547,B seen = proxy,1.0,0.9015827775001526,0.017777811735868454,0.8838049657642841,False,True,2,1,10,1,True,True
sample01548,uncertain,1.0,0.8960641622543335,-0.009068021550774574,0.9051321838051081,True,True,2,3,9,3,False,False
sample01549,B seen ≠ proxy,1.0,0.9368410110473633,-0.05250535532832146,0.9893463663756847,False,False,1,0,3,0,True,False
sample01550,B not seen,1.0,0.2123989760875702,0.1377619504928589,0.0746370255947113,True,True,4,0,0,3,False,False
sample01551,B seen ≠ proxy,1.0,0.7771129012107849,0.03364350646734238,0.7434693947434425,False,False,1,0,11,0,True,False
sample01552,B seen ≠ proxy,1.0,0.8056199550628662,0.029619257897138596,0.7760006971657276,False,False,1,0,9,0,True,False
sample01553,B not seen,1.0,-0.05116201937198639,-1.0,0.9488379806280136,True,False,1,0,0,0,False,False
sample01554,B seen ≠ proxy,0.8333333333333334,0.9582605361938477,-0.04143846780061722,0.9996990039944649,False,False,1,0,17,0,True,False
sample01555,B seen = proxy,1.0,0.9277300834655762,-0.051505912095308304,0.9792359955608845,False,True,2,1,7,1,True,True
sample01556,B seen = proxy,1.0,0.8995802402496338,-0.04857558757066727,0.9481558278203011,False,True,2,2,8,2,True,True
sample01557,B seen ≠ proxy,1.0,0.8822113275527954,-0.020799890160560608,0.903011217713356,False,False,1,0,15,0,True,False
sample01558,B seen ≠ proxy,0.7,0.9658992290496826,-0.04930312931537628,1.015202358365059,False,False,1,0,10,0,True,False
sample01559,uncertain,0.9,0.5426145792007446,0.39967846870422363,0.142936110496521,False,False,1,0,7,0,True,False
sample01560,B seen = proxy,1.0,0.9163621068000793,0.026060843840241432,0.8903012629598379,False,True,2,1,14,1,True,True
sample01561,uncertain,0.5454545454545454,0.9528465270996094,0.4510742425918579,0.5017722845077515,True,True,2,6,0,1,False,False
sample01562,B seen = proxy,1.0,0.9034332036972046,-0.009287014603614807,0.9127202183008194,False,True,2,2,12,2,True,True
sample01563,B seen ≠ proxy,1.0,0.9154279232025146,0.023826347663998604,0.891601575538516,False,False,1,0,13,0,True,False
sample01564,B seen = proxy,1.0,0.9143652319908142,-0.010557953268289566,0.9249231852591038,False,True,2,2,0,2,True,True
sample01565,B seen ≠ proxy,1.0,0.854365885257721,-0.02078792080283165,0.8751538060605526,False,False,1,0,7,0,True,False
sample01566,B seen ≠ proxy,1.0,0.8815538883209229,-0.052262865006923676,0.9338167533278465,False,False,1,0,14,0,True,False
sample01567,B seen ≠ proxy,1.0,0.9712669849395752,-0.031654950231313705,1.002921935170889,False,False,1,0,6,0,True,False
sample01568,B seen = proxy,1.0,0.9579317569732666,-0.019034476950764656,0.9769662339240313,False,True,2,1,0,1,True,True
sample01569,B seen ≠ proxy,1.0,0.8898718357086182,-0.06294399499893188,0.95281583070755,False,False,1,0,11,0,True,False
sample01570,B seen ≠ proxy,0.8571428571428571,0.8207696676254272,0.05765390396118164,0.7631157636642456,False,False,1,0,7,0,True,False
sample01571,B seen = proxy,1.0,0.857546865940094,0.03956488519906998,0.817981980741024,False,True,2,1,9,1,True,True
sample01572,B seen ≠ proxy,1.0,0.8701629638671875,0.02430592104792595,0.8458570428192616,False,False,1,0,24,0,True,False
sample01573,B seen = proxy,1.0,0.957663893699646,-0.0007283277809619904,0.958392221480608,False,True,2,1,0,1,True,True
sample01574,B seen = proxy,1.0,0.9069474935531616,0.04650060087442398,0.8604468926787376,False,True,3,1,0,1,True,True
sample01575,B seen ≠ proxy,1.0,0.979995846748352,0.04546769708395004,0.934528149664402,False,True,3,1,8,1,True,False
sample01576,B seen ≠ proxy,1.0,0.9375272393226624,0.018627673387527466,0.9188995659351349,False,True,3,1,0,6,True,False
sample01577,B seen ≠ proxy,0.8,0.949724555015564,0.017049890011548996,0.932674665004015,False,False,1,0,16,0,True,False
sample01578,B seen ≠ proxy,1.0,0.9274612665176392,0.014362296089529991,0.9130989704281092,False,True,3,1,6,4,True,False
sample01579,B seen = proxy,1.0,0.7861114740371704,0.3777684271335602,0.40834304690361023,False,True,2,1,9,1,True,True
sample01580,B seen = proxy,0.9333333333333333,0.9211716651916504,0.3859879970550537,0.5351836681365967,False,True,2,3,0,3,True,True
sample01581,B seen ≠ proxy,0.75,0.9567726850509644,-0.08910883963108063,1.045881524682045,False,False,1,0,17,0,True,False
sample01582,B seen = proxy,0.875,0.9193515777587891,0.11434651911258698,0.8050050586462021,False,True,2,1,14,1,True,True
sample01583,B seen = proxy,0.8888888888888888,0.9482452273368835,0.11942799389362335,0.8288172334432602,False,True,2,1,10,1,True,True
sample01584,B seen = proxy,1.0,0.9192735552787781,0.10680961608886719,0.8124639391899109,False,True,2,1,8,1,True,True
sample01585,B seen = proxy,1.0,0.9594128727912903,0.10712413489818573,0.8522887378931046,False,True,2,1,14,1,True,True
sample01586,B seen ≠ proxy,1.0,0.9308227300643921,0.10427238047122955,0.8265503495931625,False,False,1,0,8,0,True,False
sample01587,B seen = proxy,1.0,0.9692901372909546,0.0999671071767807,0.8693230301141739,False,True,2,2,9,2,True,True
sample01588,B seen ≠ proxy,0.75,0.9285775423049927,0.1338813602924347,0.794696182012558,False,False,1,0,10,0,True,False
sample01589,B seen = proxy,1.0,0.9852311611175537,0.11308471113443375,0.87214644998312,False,True,2,1,3,1,True,True
sample01590,B seen = proxy,1.0,0.8905575275421143,0.11737231910228729,0.773185208439827,False,True,2,2,0,2,True,True
sample01591,B seen = proxy,1.0,0.8941759467124939,0.12337837368249893,0.770797573029995,False,True,2,1,0,1,True,True
sample01592,B seen = proxy,0.75,0.941580057144165,0.13278065621852875,0.8087994009256363,False,True,2,1,12,1,True,True
sample01593,B seen ≠ proxy,1.0,0.8089489936828613,0.04605434089899063,0.7628946527838707,False,False,1,0,16,0,True,False
sample01594,uncertain,0.6666666666666666,0.9381306767463684,-0.07977798581123352,1.017908662557602,True,False,1,10,17,0,False,False
sample01595,B seen ≠ proxy,0.8571428571428571,0.8524898886680603,-0.008997447788715363,0.8614873364567757,False,False,1,0,2,0,True,False
sample01596,B seen = proxy,1.0,0.8130308389663696,-0.023048575967550278,0.8360794149339199,False,True,2,1,0,1,True,True
sample01597,B seen = proxy,1.0,0.9661234617233276,0.044755030423402786,0.9213684312999249,False,True,3,8,14,8,True,True
sample01598,B seen = proxy,0.5,0.9194617867469788,0.07881557941436768,0.8406462073326111,False,True,2,1,0,1,True,True
sample01599,uncertain,0.75,0.41820231080055237,0.0012690741568803787,0.416933236643672,False,False,1,0,2,0,False,False
sample01600,B seen = proxy,1.0,0.946882426738739,0.027865760028362274,0.9190166667103767,False,True,2,7,4,7,True,True
sample01601,B seen = proxy,1.0,0.8362599611282349,0.1362198293209076,0.7000401318073273,False,True,2,1,3,1,True,True
sample01602,uncertain,0.6363636363636364,0.8294389247894287,0.037655167281627655,0.7917837575078011,True,True,2,8,11,1,False,False
sample01603,uncertain,0.7,0.586156964302063,0.556427001953125,0.02972996234893799,False,True,3,0,3,2,True,False
sample01604,B seen = proxy,1.0,0.6853325963020325,0.5717295408248901,0.11360305547714233,False,True,2,3,10,3,True,True
sample01605,B seen = proxy,0.6923076923076923,0.8828760385513306,0.017613735049962997,0.8652623035013676,False,True,2,5,5,5,True,True
sample01606,B seen = proxy,1.0,0.9341264963150024,0.03106561303138733,0.9030608832836151,False,True,2,2,12,2,True,True
sample01607,B seen ≠ proxy,0.8,0.9131835103034973,0.023329870775341988,0.8898536395281553,False,True,3,1,0,1,True,False
sample01640,B not seen,1.0,0.23434975743293762,0.08500540256500244,0.14934435486793518,True,True,6,0,0,10,False,False
sample01641,B seen = proxy,1.0,0.9079297184944153,0.10103894770145416,0.8068907707929611,False,True,2,2,5,2,True,True
sample01642,B seen = proxy,1.0,0.7017621994018555,0.3754130005836487,0.3263491988182068,False,True,2,1,6,1,True,True
sample01643,B seen ≠ proxy,1.0,0.6049123406410217,0.028156407177448273,0.5767559334635735,False,False,1,0,8,0,True,False
sample01644,B seen = proxy,1.0,0.7895452976226807,0.038565535098314285,0.7509797625243664,False,True,2,2,6,2,True,True
sample01645,B seen = proxy,1.0,0.8826119303703308,0.06263906508684158,0.8199728652834892,False,True,2,1,0,1,True,True
sample01646,B not seen,0.75,0.15341989696025848,0.03246646746993065,0.12095342949032784,False,False,1,0,0,0,False,False
sample01647,B seen = proxy,1.0,0.9371731281280518,0.039769962430000305,0.8974031656980515,False,True,2,2,0,2,True,True
sample01648,B seen = proxy,1.0,0.9000552296638489,0.00859813392162323,0.8914570957422256,False,True,2,2,0,2,True,True
sample01649,B seen ≠ proxy,0.8888888888888888,0.8962209224700928,0.05513802915811539,0.8410828933119774,False,False,1,0,12,0,True,False
sample01650,B seen = proxy,0.5,0.9361270070075989,0.07040873169898987,0.865718275308609,False,True,2,1,7,1,True,True
sample01651,B seen = proxy,1.0,0.888825535774231,0.015379546210169792,0.8734459895640612,False,True,2,2,0,2,True,True
sample01652,B seen ≠ proxy,1.0,0.9260202646255493,0.20857983827590942,0.7174404263496399,False,True,3,1,18,1,True,False
sample01653,B seen ≠ proxy,0.9285714285714286,0.9127806425094604,0.18931633234024048,0.72346431016922,False,True,3,2,9,5,True,False
sample01654,B seen ≠ proxy,0.75,0.8573813438415527,0.1894955039024353,0.6678858399391174,False,True,3,1,9,1,True,False
sample01655,B seen ≠ proxy,1.0,0.8638246059417725,0.1525101661682129,0.7113144397735596,False,True,3,2,15,6,True,False
sample01656,B seen ≠ proxy,1.0,0.8482809066772461,0.12177793681621552,0.7265029698610306,False,True,3,1,4,12,True,False
sample01657,B seen = proxy,0.75,0.6325303316116333,0.2855803966522217,0.3469499349594116,False,True,2,1,10,1,True,True
sample01658,B seen = proxy,1.0,0.838214635848999,0.17742517590522766,0.6607894599437714,False,True,2,1,2,1,True,True
sample01659,B seen ≠ proxy,0.75,0.8662899136543274,0.04827333986759186,0.8180165737867355,False,False,1,0,2,0,True,False
sample01660,B seen = proxy,1.0,0.9275820255279541,0.034759536385536194,0.8928224891424179,False,True,2,4,6,4,True,True
sample01661,B not seen,1.0,0.09685054421424866,0.08062152564525604,0.016229018568992615,True,False,1,0,0,0,False,False
sample01662,B seen ≠ proxy,1.0,0.8608707785606384,0.0880369246006012,0.7728338539600372,False,False,1,0,4,0,True,False
sample01663,B seen = proxy,1.0,0.7985855340957642,0.04699622839689255,0.7515893056988716,False,True,2,1,23,1,True,True
sample01664,B seen = proxy,1.0,0.7806233167648315,0.031610533595085144,0.7490127831697464,False,True,2,1,9,1,True,True
sample01665,B seen = proxy,0.8571428571428571,0.9616382718086243,0.041465334594249725,0.9201729372143745,False,True,2,3,8,3,True,True
sample01666,B seen = proxy,0.8333333333333334,0.7901702523231506,-0.0013852324336767197,0.7915554847568274,False,True,2,1,10,1,True,True
sample01667,B seen = proxy,1.0,0.8951341509819031,0.03418385982513428,0.8609502911567688,False,True,2,1,6,1,True,True
sample01668,B seen = proxy,1.0,0.9137903451919556,0.1445014476776123,0.7692888975143433,False,True,2,2,9,2,True,True
sample01669,B seen = proxy,0.875,0.8269457221031189,0.09398351609706879,0.7329622060060501,False,True,2,1,0,1,True,True
sample01670,B seen = proxy,0.8,0.8962060213088989,0.04036416858434677,0.8558418527245522,False,True,2,1,7,1,True,True
sample01671,B seen = proxy,1.0,0.9122757911682129,0.0603385753929615,0.8519372157752514,False,True,2,1,8,1,True,True
sample01672,B not seen,1.0,0.03423606604337692,-1.0,1.034236066043377,True,False,1,0,0,0,False,False
sample01673,B seen = proxy,1.0,0.8337273001670837,-0.08018575608730316,0.9139130562543869,False,True,2,1,19,1,True,True
sample01674,B seen = proxy,1.0,0.5517126321792603,0.005979228764772415,0.5457334034144878,False,True,2,2,0,2,True,True
sample01675,B seen = proxy,1.0,0.8482465744018555,0.003588743507862091,0.8446578308939934,False,True,3,2,0,2,True,True
sample01676,B seen ≠ proxy,1.0,0.799813985824585,-0.012952885590493679,0.8127668714150786,False,True,2,0,12,4,True,False
sample01677,B seen = proxy,1.0,0.9691494703292847,0.5275340676307678,0.44161540269851685,False,True,2,2,9,2,True,True
sample01678,B seen ≠ proxy,1.0,0.8603515028953552,0.012708479538559914,0.8476430233567953,False,False,1,0,4,0,True,False
sample01679,B seen ≠ proxy,1.0,0.893627941608429,0.20354926586151123,0.6900786757469177,False,True,3,0,7,6,True,False
sample01680,B not seen,1.0,0.11145287752151489,0.08086009323596954,0.03059278428554535,False,False,1,0,0,0,False,False
sample01681,B seen = proxy,0.8571428571428571,0.8713406324386597,0.4402225613594055,0.43111807107925415,False,True,2,1,4,1,True,True
sample01682,B seen = proxy,1.0,0.8378166556358337,0.16712495684623718,0.6706916987895966,False,True,2,1,0,1,True,True
sample01683,B seen ≠ proxy,0.7692307692307693,0.8050050735473633,0.07710447907447815,0.7279005944728851,False,False,1,0,7,0,True,False
sample01684,B seen = proxy,0.875,0.938551664352417,0.08981303125619888,0.8487386330962181,False,True,2,1,0,1,True,True
sample01685,B seen = proxy,0.75,0.8754705786705017,0.0473775789141655,0.8280929997563362,False,True,2,1,14,1,True,True
sample01686,B seen = proxy,1.0,0.9216964840888977,0.07092897593975067,0.850767508149147,False,True,2,1,0,1,True,True
sample01687,B seen ≠ proxy,0.8888888888888888,0.9058123230934143,0.1598922610282898,0.7459200620651245,False,False,1,0,10,0,True,False
sample01688,B seen = proxy,1.0,0.804557204246521,0.11574883759021759,0.6888083666563034,False,True,2,2,0,2,True,True
sample01689,B seen ≠ proxy,1.0,0.7663421630859375,0.4132586121559143,0.3530835509300232,False,True,2,0,12,5,True,False
sample01690,B seen ≠ proxy,0.75,0.8459119200706482,0.031056642532348633,0.8148552775382996,False,False,1,0,16,0,True,False
sample01691,B seen = proxy,1.0,0.8648781776428223,0.0077529773116111755,0.8571252003312111,False,True,2,1,0,1,True,True
sample01692,B seen = proxy,1.0,0.8612333536148071,0.4503791332244873,0.4108542203903198,False,True,2,1,0,1,True,True
sample01693,B not seen,1.0,-0.006956910714507103,-1.0,0.9930430892854929,True,False,1,0,0,0,False,False
sample01694,B not seen,1.0,0.01931125670671463,-1.0,1.0193112567067146,True,False,1,0,0,0,False,False
sample01695,B seen ≠ proxy,0.8571428571428571,0.8485144376754761,0.41699671745300293,0.43151772022247314,False,True,2,0,15,5,True,False
sample01696,B seen = proxy,1.0,0.8182334899902344,0.08284427970647812,0.7353892102837563,False,True,2,2,21,2,True,True
sample01697,B seen ≠ proxy,0.9,0.823000431060791,-0.01748064160346985,0.8404810726642609,False,False,1,0,15,0,True,False
sample01698,B seen ≠ proxy,1.0,0.8218239545822144,0.06535621732473373,0.7564677372574806,False,True,4,1,6,5,True,False
sample01699,B seen = proxy,0.875,0.9691228866577148,0.014498401433229446,0.9546244852244854,False,True,2,2,16,2,True,True
sample01700,B seen = proxy,1.0,0.9384638667106628,0.008095446974039078,0.9303684197366238,False,True,2,1,9,1,True,True
sample01701,B seen ≠ proxy,1.0,0.9573699235916138,-0.00703771784901619,0.96440764144063,False,False,1,0,9,0,True,False
sample01702,B seen ≠ proxy,0.7777777777777778,0.724889874458313,0.05024135857820511,0.6746485158801079,False,False,1,0,10,0,True,False
sample01703,B seen = proxy,1.0,0.8575896620750427,0.0020520128309726715,0.85553764924407,False,True,2,3,21,3,True,True
sample01704,B not seen,0.5714285714285714,0.0052022673189640045,-1.0,1.005202267318964,True,False,1,0,0,0,False,False
sample01705,B seen = proxy,1.0,0.9643025994300842,-0.03539782389998436,0.9997004233300686,False,True,2,3,9,3,True,True
sample01706,B seen = proxy,0.7777777777777778,0.9299039244651794,-0.023894062265753746,0.9537979867309332,False,True,2,2,4,2,True,True
sample01707,B seen = proxy,0.8,0.9655530452728271,-0.03906463086605072,1.0046176761388779,False,True,2,2,18,2,True,True
sample01708,B seen ≠ proxy,1.0,0.6929594874382019,0.5831973552703857,0.10976213216781616,False,True,3,0,9,1,True,False
sample01709,B seen = proxy,1.0,0.8565805554389954,0.3732474446296692,0.48333311080932617,False,True,3,6,6,6,True,True
sample01710,B seen = proxy,0.6,0.717644214630127,-0.02568122372031212,0.7433254383504391,False,True,2,2,13,2,True,True
sample01711,B seen = proxy,0.75,0.9505472183227539,-0.015803007408976555,0.9663502257317305,False,True,2,2,15,2,True,True
sample01712,B seen = proxy,1.0,0.9424359798431396,0.01722053810954094,0.9252154417335987,False,True,2,1,5,1,True,True
sample01713,B seen = proxy,1.0,0.9351320266723633,0.011148558929562569,0.9239834677428007,False,True,2,4,9,4,True,True
sample01714,B seen ≠ proxy,0.7142857142857143,0.8966864943504333,0.023487379774451256,0.8731991145759821,False,False,1,0,12,0,True,False
sample01715,B seen = proxy,1.0,0.9618422985076904,0.033452026546001434,0.928390271961689,False,True,2,2,10,2,True,True
sample01716,B seen ≠ proxy,0.8125,0.933547854423523,0.030016183853149414,0.9035316705703735,False,False,1,0,5,0,True,False
sample01717,B seen ≠ proxy,1.0,0.861770510673523,0.0325276181101799,0.829242892563343,False,False,1,0,9,0,True,False
sample01718,B not seen,0.7692307692307693,0.06700167059898376,0.01804908737540245,0.048952583223581314,False,True,3,0,0,1,False,False
sample01719,B seen ≠ proxy,0.8333333333333334,0.6913662552833557,-0.006618529558181763,0.6979847848415375,False,False,1,0,18,0,True,False
sample01720,B seen = proxy,1.0,0.9365355372428894,-0.019617732614278793,0.9561532698571682,False,True,2,1,15,1,True,True
sample01721,B seen ≠ proxy,0.75,0.9427654147148132,-0.1503368616104126,1.0931022763252258,False,False,1,0,5,0,True,False
sample01722,B not seen,1.0,0.2835007309913635,-0.008395945653319359,0.2918966766446829,False,False,1,0,0,0,False,False
sample01723,B seen ≠ proxy,0.8571428571428571,0.9576753377914429,-0.09016619622707367,1.0478415340185165,False,False,1,0,13,0,True,False
sample01724,B seen = proxy,1.0,0.9101442098617554,-0.05119479075074196,0.9613390006124973,False,True,2,1,13,1,True,True
sample01725,B seen ≠ proxy,0.6363636363636364,0.9423736333847046,-0.0962245762348175,1.038598209619522,False,False,1,0,12,0,True,False
sample01726,B seen ≠ proxy,0.8,0.9471397399902344,0.0075634559616446495,0.9395762840285897,False,False,1,0,7,0,True,False
sample01727,B seen ≠ proxy,1.0,0.8810834884643555,0.021283801645040512,0.859799686819315,False,True,3,1,0,1,True,False
sample01728,B seen = proxy,1.0,0.9104355573654175,-0.0008143302984535694,0.911249887663871,False,True,2,2,3,2,True,True
sample01729,B seen = proxy,1.0,0.9262280464172363,-0.007311065681278706,0.933539112098515,False,True,2,1,10,1,True,True
sample01730,B seen = proxy,0.8,0.9341068863868713,-0.03852599486708641,0.9726328812539577,False,True,2,2,24,2,True,True
sample01731,B seen = proxy,0.8333333333333334,0.8565203547477722,0.0009332266636192799,0.8555871280841529,False,True,2,3,5,3,True,True
sample01732,B seen = proxy,1.0,0.7308719754219055,-0.004315687343478203,0.7351876627653837,False,True,2,1,15,1,True,True
sample01733,B seen = proxy,1.0,0.9547457695007324,0.0069511085748672485,0.9477946609258652,False,True,2,1,0,1,True,True
sample01734,B seen ≠ proxy,0.6428571428571429,0.9389848709106445,-0.0030955076217651367,0.9420803785324097,False,False,1,0,1,0,True,False
sample01735,B seen ≠ proxy,0.7,0.7951932549476624,0.27682068943977356,0.5183725655078888,False,False,1,0,14,0,True,False
sample01736,B seen ≠ proxy,1.0,0.9653437733650208,0.028772646561264992,0.9365711268037558,False,True,4,2,9,2,True,False
sample01737,B seen = proxy,1.0,0.81263267993927,-0.04607917740941048,0.8587118573486805,False,True,2,1,0,1,True,True
sample01738,B seen = proxy,1.0,0.9547649621963501,-0.00835205614566803,0.9631170183420181,False,True,2,1,5,1,True,True
sample01739,B seen ≠ proxy,1.0,0.9022973775863647,0.09056675434112549,0.8117306232452393,False,True,3,1,0,1,True,False
sample01740,B seen = proxy,1.0,0.973707377910614,-0.004373962990939617,0.9780813409015536,False,True,2,1,12,1,True,True
sample01741,B seen ≠ proxy,1.0,0.9032506942749023,-0.04966222494840622,0.9529129192233086,False,False,1,0,12,0,True,False
sample01742,B not seen,1.0,0.02257559262216091,-0.03047524020075798,0.05305083282291889,True,False,1,0,0,0,False,False
sample01743,uncertain,1.0,0.4095989465713501,0.09453104436397552,0.3150679022073746,False,True,3,1,0,3,False,False
sample01744,B seen ≠ proxy,1.0,0.7823171615600586,0.14331281185150146,0.6390043497085571,False,False,1,0,7,0,True,False
sample01745,B seen = proxy,1.0,0.9674659371376038,0.11774494498968124,0.8497209921479225,False,True,2,2,7,2,True,True
sample01746,uncertain,1.0,0.4549890458583832,0.17734703421592712,0.27764201164245605,False,True,3,0,8,1,True,False
sample01747,B seen = proxy,1.0,0.9515186548233032,0.13883483409881592,0.8126838207244873,False,True,2,2,0,2,True,True
sample01748,B seen ≠ proxy,0.9090909090909091,0.8234084844589233,0.08999902755022049,0.7334094569087029,False,True,3,0,3,6,True,False
sample01749,B not seen,1.0,0.06595471501350403,0.023461531847715378,0.04249318316578865,True,True,2,0,0,11,False,False
sample01750,B seen ≠ proxy,1.0,0.8619726300239563,0.04232548177242279,0.8196471482515335,False,True,3,1,0,1,True,False
sample01751,B seen = proxy,1.0,0.825878381729126,0.04546771198511124,0.7804106697440147,False,True,3,2,0,2,True,True
sample01752,B seen = proxy,1.0,0.9068317413330078,0.03389303758740425,0.8729387037456036,False,True,2,1,3,1,True,True
sample01753,B not seen,1.0,0.39690935611724854,0.17082026600837708,0.22608909010887146,False,True,2,0,0,10,False,False
sample01754,B seen ≠ proxy,1.0,0.7084094285964966,0.6516063213348389,0.056803107261657715,False,True,2,0,2,3,True,False
sample01755,B seen ≠ proxy,1.0,0.9505913257598877,0.26536646485328674,0.685224860906601,False,True,3,1,0,1,True,False
sample01756,uncertain,0.8333333333333334,0.7669413089752197,0.07278983294963837,0.6941514760255814,True,True,2,4,4,3,False,False
sample01757,B seen ≠ proxy,0.7142857142857143,0.5796365737915039,-0.016430895775556564,0.5960674695670605,False,False,1,0,9,0,True,False
sample01758,B seen = proxy,0.8333333333333334,0.9818565845489502,-0.004186329431831837,0.986042913980782,False,True,2,4,6,4,True,True
sample01759,B seen = proxy,1.0,0.8682788014411926,0.007872197777032852,0.8604066036641598,False,True,2,2,10,2,True,True
sample01760,B seen ≠ proxy,1.0,0.7050822377204895,-0.012249005027115345,0.7173312427476048,False,False,1,0,8,0,True,False
sample01761,B seen ≠ proxy,1.0,0.9412992596626282,-0.04292125999927521,0.9842205196619034,False,False,1,0,14,0,True,False
sample01762,B not seen,1.0,0.012957792729139328,0.00842425785958767,0.004533534869551659,False,True,2,0,0,4,False,False
sample01763,B seen = proxy,1.0,0.9493573904037476,0.022846929728984833,0.9265104606747627,False,True,2,4,5,4,True,True
sample01764,B seen = proxy,1.0,0.9281712770462036,0.026343058794736862,0.9018282182514668,False,True,2,3,12,3,True,True
sample01765,B seen ≠ proxy,1.0,0.8138783574104309,0.04001123830676079,0.7738671191036701,False,False,1,0,15,0,True,False
sample01766,B seen = proxy,1.0,0.8856836557388306,0.07310330122709274,0.8125803545117378,False,True,4,7,16,7,True,True
sample01767,B seen = proxy,1.0,0.7775418758392334,-0.037050701677799225,0.8145925775170326,False,True,2,1,19,1,True,True
sample01768,uncertain,0.5555555555555556,0.8938306570053101,-0.02275717817246914,0.9165878351777792,True,False,1,8,1,0,False,False
sample01769,B seen = proxy,1.0,0.8992608785629272,0.0038688387721776962,0.8953920397907495,False,True,2,3,12,3,True,True
sample01770,B seen = proxy,1.0,0.937432050704956,0.08983616530895233,0.8475958853960037,False,True,2,2,12,2,True,True
sample01771,uncertain,0.5,0.7929809093475342,0.08571117371320724,0.7072697356343269,True,True,2,3,9,3,False,False
sample01772,B seen = proxy,1.0,0.7997024655342102,0.07931520789861679,0.7203872576355934,False,True,2,1,10,1,True,True
sample01773,B not seen,0.75,-0.008545096963644028,-1.0,0.991454903036356,True,False,1,0,0,0,False,False
sample01774,B seen = proxy,0.75,0.9690951108932495,-0.03189115598797798,1.0009862668812275,False,True,2,3,10,3,True,True
sample01775,B seen = proxy,1.0,0.9164541959762573,-0.02519497089087963,0.941649166867137,False,True,2,2,9,2,True,True
sample01776,B seen ≠ proxy,0.6666666666666666,0.9158268570899963,0.03485552966594696,0.8809713274240494,False,True,2,0,9,4,True,False
sample01777,B seen ≠ proxy,1.0,0.9019694328308105,-0.007255311124026775,0.9092247439548373,False,True,3,3,5,3,True,False
sample01778,B seen = proxy,0.8888888888888888,0.9590625762939453,-0.04047083854675293,0.9995334148406982,False,True,2,1,6,1,True,True
sample01779,B seen = proxy,0.6666666666666666,0.9616230726242065,-0.04021420702338219,1.0018372796475887,False,True,2,1,9,1,True,True
sample01780,B seen = proxy,1.0,0.7482320666313171,0.16184361279010773,0.5863884538412094,False,True,2,3,5,3,True,True
sample01781,B seen = proxy,1.0,0.805971086025238,0.021316835656762123,0.7846542503684759,False,True,2,4,11,4,True,True
sample01782,B seen = proxy,1.0,0.8187370300292969,0.07183800637722015,0.7468990236520767,False,True,2,1,0,1,True,True
sample01783,uncertain,0.75,0.9104458689689636,0.004710729233920574,0.905735139735043,True,True,2,6,0,5,False,False
sample01784,B seen ≠ proxy,1.0,0.87276291847229,-0.025100290775299072,0.8978632092475891,False,False,1,0,7,0,True,False
sample01785,B seen ≠ proxy,0.8333333333333334,0.9021908044815063,-0.016883473843336105,0.9190742783248425,False,False,1,0,16,0,True,False
sample01786,B seen = proxy,1.0,0.9375272989273071,-0.03159428387880325,0.9691215828061104,False,True,2,1,8,1,True,True
sample01787,B seen = proxy,0.7142857142857143,0.6901103854179382,0.40686434507369995,0.2832460403442383,False,True,2,1,0,1,True,True
sample01788,B not seen,0.7142857142857143,0.06860767304897308,0.00035816431045532227,0.06824950873851776,False,False,1,0,0,0,False,False
sample01789,B seen ≠ proxy,0.5714285714285714,0.9480879306793213,0.3329956829547882,0.6150922477245331,False,True,3,2,0,3,True,False
sample01790,B seen = proxy,0.6923076923076923,0.9475153088569641,-0.01325155422091484,0.960766863077879,False,True,2,3,8,3,True,True
sample01791,B seen = proxy,0.8461538461538461,0.9301964044570923,0.20621934533119202,0.7239770591259003,False,True,2,4,6,4,True,True
sample01792,B seen = proxy,1.0,0.8909260630607605,-0.022330202162265778,0.9132562652230263,False,True,2,2,12,2,True,True
sample01793,B seen = proxy,0.75,0.8639123439788818,0.026040170341730118,0.8378721736371517,False,True,2,1,11,1,True,True
sample01794,B seen = proxy,1.0,0.8866860866546631,0.0433196946978569,0.8433663919568062,False,True,4,3,11,3,True,True
sample01795,B seen ≠ proxy,0.8181818181818182,0.8976689577102661,0.4790232181549072,0.4186457395553589,False,True,4,0,11,6,True,False
sample01796,B seen = proxy,1.0,0.9445518255233765,-0.006085556466132402,0.9506373819895089,False,True,2,2,16,2,True,True
sample01797,B seen = proxy,0.7692307692307693,0.9802718758583069,-0.01636023074388504,0.9966321066021919,False,True,2,1,10,1,True,True
sample01798,B seen = proxy,0.8571428571428571,0.8912056684494019,0.0029998216778039932,0.8882058467715979,False,True,2,3,11,3,True,True
sample01799,B seen ≠ proxy,1.0,0.7091500759124756,0.332721471786499,0.37642860412597656,False,True,2,0,6,1,True,False
sample01800,B seen = proxy,0.875,0.9590346217155457,0.03477320820093155,0.9242614135146141,False,True,2,1,4,1,True,True
sample01801,B seen = proxy,0.8888888888888888,0.9172484278678894,0.14539314806461334,0.7718552798032761,False,True,2,2,0,2,True,True
sample01802,B seen ≠ proxy,0.8333333333333334,0.914582371711731,0.11674650758504868,0.7978358641266823,False,False,1,0,10,0,True,False
sample01803,B not seen,0.8181818181818182,0.11000999808311462,-1.0,1.1100099980831146,True,False,1,0,0,0,False,False
sample01804,B seen = proxy,0.6923076923076923,0.8932257890701294,0.09310360252857208,0.8001221865415573,False,True,2,2,14,2,True,True
sample01805,B seen = proxy,0.8571428571428571,0.8239991664886475,0.5082916617393494,0.3157075047492981,False,True,3,1,7,1,True,True
sample01806,B seen ≠ proxy,0.6666666666666666,0.9478545784950256,0.07877963781356812,0.8690749406814575,False,True,4,1,15,5,True,False
sample01807,B seen ≠ proxy,1.0,0.9373427033424377,0.20643725991249084,0.7309054434299469,False,True,3,2,7,3,True,False
sample01808,B seen ≠ proxy,1.0,0.9363257884979248,0.06367996335029602,0.8726458251476288,False,True,4,1,4,2,True,False
sample01809,B seen ≠ proxy,1.0,0.7355133295059204,0.07427605986595154,0.6612372696399689,False,False,1,0,21,0,True,False
sample01810,B seen ≠ proxy,0.5454545454545454,0.9150561094284058,0.07585341483354568,0.8392026945948601,False,False,1,0,5,0,True,False
sample01811,B seen = proxy,0.8571428571428571,0.9100682735443115,-0.0033284835517406464,0.9133967570960522,False,True,2,1,11,1,True,True
sample01812,B seen ≠ proxy,1.0,0.9518578052520752,0.00921481940895319,0.942642985843122,False,True,2,0,14,1,True,False
sample01813,B seen = proxy,1.0,0.7938191294670105,0.050276096910238266,0.7435430325567722,False,True,2,3,6,3,True,True
sample01814,B seen = proxy,0.5,0.8910603523254395,0.0034311460331082344,0.8876292062923312,False,True,2,1,0,1,True,True
sample01815,B seen = proxy,0.7777777777777778,0.7517247200012207,0.06481947004795074,0.68690524995327,False,True,2,2,6,2,True,True
sample01816,B seen = proxy,1.0,0.9025819301605225,0.06041882932186127,0.8421631008386612,False,True,3,2,5,2,True,True
sample01817,B seen = proxy,0.8,0.9632171392440796,0.04714749753475189,0.9160696417093277,False,True,2,2,7,2,True,True
sample01818,B seen = proxy,0.8,0.9489806890487671,0.05567866563796997,0.8933020234107971,False,True,2,2,14,2,True,True
sample01819,B seen = proxy,1.0,0.9187077283859253,0.06236974149942398,0.8563379868865013,False,True,2,1,10,1,True,True
sample01820,B seen = proxy,1.0,0.9052320718765259,0.5247992277145386,0.3804328441619873,False,True,2,2,0,2,True,True
sample01821,B seen ≠ proxy,1.0,0.8802028894424438,0.27800825238227844,0.6021946370601654,False,True,4,1,0,9,True,False
sample01822,B seen = proxy,0.7142857142857143,0.8524323105812073,0.07958320528268814,0.7728491052985191,False,True,2,2,17,2,True,True
sample01823,B seen = proxy,1.0,0.8986071944236755,0.06810019910335541,0.8305069953203201,False,True,2,2,10,2,True,True
sample01824,B seen = proxy,0.9230769230769231,0.9279580116271973,0.08341513574123383,0.8445428758859634,False,True,2,3,1,3,True,True
sample01825,B seen = proxy,1.0,0.9617868661880493,0.09582006186246872,0.8659668043255806,False,True,2,1,19,1,True,True
sample01826,B seen = proxy,1.0,0.9184750318527222,0.056779295206069946,0.8616957366466522,False,True,2,2,7,2,True,True
sample01827,B seen ≠ proxy,0.7272727272727273,0.81343674659729,0.023196812719106674,0.7902399338781834,False,False,1,0,13,0,True,False
sample01828,B seen ≠ proxy,0.5454545454545454,0.8211164474487305,0.017391808331012726,0.8037246391177177,False,False,1,0,8,0,True,False
sample01829,B seen = proxy,1.0,0.9212540984153748,0.026104845106601715,0.895149253308773,False,True,2,5,21,5,True,True
sample01830,B seen ≠ proxy,0.9090909090909091,0.7588505148887634,0.11526282131671906,0.6435876935720444,False,False,1,0,8,0,True,False
sample01831,B seen = proxy,1.0,0.8574526906013489,0.06609565764665604,0.7913570329546928,False,True,2,1,17,1,True,True
sample01832,B seen = proxy,0.875,0.8165311813354492,0.0032914942130446434,0.8132396871224046,False,True,2,1,10,1,True,True
sample01833,B seen = proxy,1.0,0.8607412576675415,0.038255155086517334,0.8224861025810242,False,True,2,1,20,1,True,True
sample01834,B seen ≠ proxy,1.0,0.8312788009643555,0.015933604910969734,0.8153451960533857,False,False,1,0,8,0,True,False
sample01835,B seen ≠ proxy,0.8125,0.90141761302948,0.10209309309720993,0.79932451993227,False,False,1,0,12,0,True,False
sample01836,B not seen,1.0,0.029585223644971848,-1.0,1.0295852236449718,True,False,1,0,0,0,False,False
sample01837,B seen = proxy,0.8333333333333334,0.842202365398407,0.10052550584077835,0.7416768595576286,False,True,2,1,0,1,True,True
sample01838,B seen ≠ proxy,0.5,0.7441138029098511,0.2761116921901703,0.4680021107196808,False,True,3,0,7,2,True,False
sample01839,B seen ≠ proxy,0.75,0.8151618242263794,0.49446579813957214,0.32069602608680725,False,True,4,1,16,2,True,False
sample01840,B seen = proxy,1.0,0.9313981533050537,0.06967532634735107,0.8617228269577026,False,True,2,2,6,2,True,True
sample01841,B seen ≠ proxy,0.5555555555555556,0.8176438808441162,0.05606567859649658,0.7615782022476196,False,True,2,0,17,1,True,False
sample01842,B seen = proxy,1.0,0.8648259043693542,0.05296117067337036,0.8118647336959839,False,True,2,4,13,4,True,True
sample01843,B seen ≠ proxy,1.0,0.8481143712997437,0.06261472404003143,0.7854996472597122,False,True,3,2,0,7,True,False
sample01844,B seen = proxy,0.7142857142857143,0.8784993886947632,0.07671277225017548,0.8017866164445877,False,True,2,1,6,1,True,True
sample01845,B seen ≠ proxy,1.0,0.9117194414138794,0.10331197828054428,0.8084074631333351,False,True,3,1,5,15,True,False
sample01846,B not seen,0.6363636363636364,0.010274877771735191,0.0029445234686136246,0.007330354303121567,False,True,2,0,0,10,False,False
sample01847,B seen = proxy,0.9090909090909091,0.9266269207000732,-0.012289198115468025,0.9389161188155413,False,True,2,1,15,1,True,True
sample01848,B seen = proxy,0.9,0.9695551991462708,-0.009919782169163227,0.979474981315434,False,True,2,1,12,1,True,True
sample01849,B seen = proxy,0.75,0.7400485873222351,-0.015340153127908707,0.7553887404501438,False,True,2,1,11,1,True,True
sample01850,B not seen,0.8333333333333334,0.03807157650589943,-1.0,1.0380715765058994,True,False,1,0,0,0,False,False
sample01851,B seen = proxy,1.0,0.8200875520706177,0.2300957292318344,0.5899918228387833,False,True,2,1,12,1,True,True
sample01852,B seen ≠ proxy,1.0,0.8234967589378357,0.07469619065523148,0.7488005682826042,False,False,1,0,5,0,True,False
sample01853,B seen = proxy,1.0,0.9180657267570496,0.11033114790916443,0.8077345788478851,False,True,2,1,11,1,True,True
sample01854,B seen = proxy,1.0,0.9590784907341003,0.0576317235827446,0.9014467671513557,False,True,2,1,3,1,True,True
sample01855,B seen ≠ proxy,1.0,0.9811607599258423,0.05258950963616371,0.9285712502896786,False,False,1,0,21,0,True,False
sample01856,B seen ≠ proxy,0.8333333333333334,0.9627578258514404,0.06288431584835052,0.8998735100030899,False,False,1,0,7,0,True,False
sample01857,B not seen,1.0,0.3920596241950989,0.3445548713207245,0.04750475287437439,False,False,1,0,0,0,False,False
sample01858,B seen ≠ proxy,1.0,0.9202702045440674,0.37306705117225647,0.5472031533718109,False,True,3,2,0,4,True,False
sample01859,B seen = proxy,1.0,0.8934997320175171,0.520764172077179,0.37273555994033813,False,True,2,3,0,3,True,True
sample01860,B not seen,0.7692307692307693,0.06798127293586731,-1.0,1.0679812729358673,True,False,1,0,0,0,False,False
sample01861,B seen = proxy,0.625,0.830846905708313,0.10161419212818146,0.7292327135801315,False,True,2,2,19,2,True,True
sample01862,B seen = proxy,0.5714285714285714,0.8531894087791443,0.013320770114660263,0.839868638664484,False,True,2,3,9,3,True,True
sample01863,B seen = proxy,0.7777777777777778,0.9400656223297119,0.017408818006515503,0.9226568043231964,False,True,2,2,7,2,True,True
sample01864,B seen = proxy,1.0,0.8430353403091431,0.48691725730895996,0.3561180830001831,False,True,2,3,8,3,True,True
sample01865,B seen = proxy,0.9230769230769231,0.9108594655990601,0.03125130385160446,0.8796081617474556,False,True,2,1,0,1,True,True
sample01866,B seen ≠ proxy,0.75,0.9287050366401672,0.5546079874038696,0.3740970492362976,False,True,4,1,0,5,True,False
sample01867,B seen = proxy,0.75,0.7188154458999634,0.05577646940946579,0.6630389764904976,False,True,2,2,5,2,True,True
sample01868,B seen ≠ proxy,0.8,0.5960224866867065,0.4206206500530243,0.17540183663368225,False,False,1,0,8,0,True,False
sample01869,B seen = proxy,1.0,0.8712028861045837,0.05604163929820061,0.8151612468063831,False,True,2,4,0,4,True,True
sample01870,B seen = proxy,0.8333333333333334,0.8376298546791077,0.10727879405021667,0.730351060628891,False,True,2,1,9,1,True,True
sample01871,B seen = proxy,0.875,0.8035312294960022,0.05293373391032219,0.75059749558568,False,True,2,1,8,1,True,True
sample01872,B seen ≠ proxy,0.8571428571428571,0.8707278966903687,0.10076001286506653,0.7699678838253021,False,False,1,0,4,0,True,False
sample01873,B seen = proxy,0.6,0.9498552083969116,0.07652498781681061,0.873330220580101,False,True,2,1,15,1,True,True
sample01874,B seen = proxy,0.6,0.929606020450592,0.05756362900137901,0.872042391449213,False,True,2,2,0,2,True,True
sample01875,B seen ≠ proxy,0.9166666666666666,0.9176145195960999,0.1283213496208191,0.7892931699752808,False,True,3,2,0,9,True,False
sample01876,B seen = proxy,1.0,0.8824584484100342,0.15602238476276398,0.7264360636472702,False,True,3,1,24,1,True,True
sample01877,B seen ≠ proxy,1.0,0.8743369579315186,0.10178089141845703,0.7725560665130615,False,True,3,2,23,8,True,False
sample01878,B seen = proxy,1.0,0.7865952253341675,0.10953880846500397,0.6770564168691635,False,True,2,1,0,1,True,True
sample01879,B seen = proxy,1.0,0.8912755846977234,0.10556013137102127,0.7857154533267021,False,True,2,2,19,2,True,True
sample01880,B seen ≠ proxy,0.625,0.8204425573348999,0.1326250433921814,0.6878175139427185,False,False,1,0,6,0,True,False
sample01881,B seen = proxy,1.0,0.8612788915634155,0.5399560928344727,0.32132279872894287,False,True,2,1,0,1,True,True
sample01882,B seen = proxy,1.0,0.8569104671478271,0.3909916281700134,0.4659188389778137,False,True,2,2,0,2,True,True
sample01883,B seen ≠ proxy,0.7,0.8432716131210327,0.0898335725069046,0.7534380406141281,False,False,1,0,15,0,True,False
sample01884,B seen = proxy,1.0,0.9194736480712891,0.0984087735414505,0.8210648745298386,False,True,2,1,10,1,True,True
sample01885,B seen = proxy,1.0,0.9318955540657043,0.07879947125911713,0.8530960828065872,False,True,2,1,8,1,True,True
sample01886,B seen = proxy,1.0,0.8604881167411804,0.024767085909843445,0.835721030831337,False,True,2,1,0,1,True,True
sample01887,B not seen,0.7,0.3827114701271057,0.061323657631874084,0.32138781249523163,False,True,2,0,0,7,False,False
sample01888,B seen ≠ proxy,1.0,0.9274001121520996,0.11508125066757202,0.8123188614845276,False,True,4,1,5,2,True,False
sample01889,B seen = proxy,1.0,0.7663043737411499,0.09344473481178284,0.6728596389293671,False,True,2,1,7,1,True,True
sample01890,B seen = proxy,1.0,0.9570267796516418,0.09695674479007721,0.8600700348615646,False,True,2,2,10,2,True,True
sample01891,B seen = proxy,1.0,0.9469337463378906,0.1291888952255249,0.8177448511123657,False,True,2,3,0,3,True,True
sample01892,B seen = proxy,0.8571428571428571,0.9365744590759277,0.13341081142425537,0.8031636476516724,False,True,2,3,0,3,True,True
sample01893,B seen ≠ proxy,0.8461538461538461,0.7083690166473389,0.2746323347091675,0.4337366819381714,False,True,8,2,4,4,True,False
sample01894,uncertain,1.0,0.9471049308776855,0.03802075609564781,0.9090841747820377,True,True,2,7,1,6,False,False
sample01895,B seen = proxy,1.0,0.6844334602355957,0.03746718540787697,0.6469662748277187,False,True,3,3,0,3,True,True
sample01896,B seen ≠ proxy,1.0,0.8378403186798096,0.6494886875152588,0.18835163116455078,False,True,4,2,0,2,True,False
sample01897,B seen ≠ proxy,0.8666666666666667,0.7710559368133545,0.054526422172784805,0.7165295146405697,False,True,6,1,18,2,True,False
sample01898,B seen ≠ proxy,1.0,0.9235745668411255,0.12148603051900864,0.8020885363221169,False,True,4,2,7,13,True,False
sample01899,B seen = proxy,0.7777777777777778,0.882702112197876,0.09308990836143494,0.789612203836441,False,True,3,1,13,1,True,True
sample01900,B seen ≠ proxy,0.8571428571428571,0.9000309705734253,0.05987193062901497,0.8401590399444103,False,True,3,2,13,7,True,False
sample01901,B seen = proxy,1.0,0.6894476413726807,0.1822732388973236,0.5071744024753571,False,True,4,1,8,1,True,True
sample01902,B seen ≠ proxy,0.9090909090909091,0.9374122619628906,0.01787516474723816,0.9195370972156525,False,True,5,2,1,7,True,False
sample01903,B seen ≠ proxy,1.0,0.9336003661155701,-0.009881904348731041,0.9434822704643011,False,True,4,1,16,10,True,False
sample01904,B seen = proxy,0.8333333333333334,0.8435289859771729,0.11949533224105835,0.7240336537361145,False,True,2,4,1,4,True,True
sample01905,B not seen,0.9090909090909091,0.031044064089655876,-0.03245553374290466,0.06349959783256054,True,False,1,0,0,0,False,False
sample01906,B seen ≠ proxy,1.0,0.6890856623649597,0.48189640045166016,0.20718926191329956,False,True,2,0,4,2,True,False
sample01907,B seen ≠ proxy,0.5714285714285714,0.9100775122642517,-0.007281757891178131,0.9173592701554298,False,False,1,0,10,0,True,False
sample01908,B seen = proxy,0.7142857142857143,0.9711213111877441,-0.037902992218732834,1.009024303406477,False,True,2,6,10,6,True,True
sample01909,B seen = proxy,1.0,0.8984638452529907,0.46476274728775024,0.4337010979652405,False,True,2,1,11,1,True,True
sample01910,B seen = proxy,0.8333333333333334,0.9436848163604736,0.156184121966362,0.7875006943941116,False,True,2,2,12,2,True,True
sample01911,B seen = proxy,0.6666666666666666,0.9632962942123413,0.16650769114494324,0.7967886030673981,False,True,2,2,10,2,True,True
sample01912,B seen = proxy,0.8571428571428571,0.9284096956253052,-0.009534120559692383,0.9379438161849976,False,True,2,2,0,2,True,True
sample01913,B seen = proxy,0.9166666666666666,0.8641703128814697,0.025524910539388657,0.8386454023420811,False,True,2,1,12,1,True,True
sample01914,B seen = proxy,0.8571428571428571,0.8348309397697449,-0.04533756524324417,0.880168505012989,False,True,2,1,8,1,True,True
sample01915,B seen = proxy,0.8,0.8523499965667725,0.11725596338510513,0.7350940331816673,False,True,2,2,4,2,True,True
sample01916,B seen = proxy,0.6666666666666666,0.948387622833252,0.07818379998207092,0.870203822851181,False,True,3,2,0,2,True,True
sample01917,B seen = proxy,0.8333333333333334,0.9089040160179138,-0.014486392959952354,0.9233904089778662,False,True,2,2,11,2,True,True
sample01918,B seen = proxy,0.8888888888888888,0.897017240524292,-0.01769375056028366,0.9147109910845757,False,True,2,2,5,2,True,True
sample01919,B seen = proxy,1.0,0.9386322498321533,0.023162879049777985,0.9154693707823753,False,True,2,2,8,2,True,True
sample01920,B seen = proxy,1.0,0.9388899803161621,0.04550790414214134,0.8933820761740208,False,True,2,2,0,2,True,True
sample01921,B seen ≠ proxy,0.8888888888888888,0.7242717146873474,0.38631924986839294,0.33795246481895447,False,False,1,0,9,0,True,False
sample01922,B seen ≠ proxy,0.8571428571428571,0.9145832657814026,0.43716514110565186,0.47741812467575073,False,True,4,1,6,3,True,False
sample01923,B seen ≠ proxy,1.0,0.9269112348556519,0.26141148805618286,0.665499746799469,False,True,3,1,16,6,True,False
sample01924,B seen ≠ proxy,1.0,0.8434675931930542,0.29514598846435547,0.5483216047286987,False,True,4,2,6,12,True,False
sample01925,B seen ≠ proxy,0.6923076923076923,0.9330223202705383,0.03801969438791275,0.8950026258826256,False,True,3,0,9,6,True,False
sample01926,B seen = proxy,0.8571428571428571,0.9409246444702148,0.0451958104968071,0.8957288339734077,False,True,8,4,19,4,True,True
sample01927,B seen ≠ proxy,0.8,0.9450054168701172,0.0612373873591423,0.8837680295109749,False,True,6,1,9,5,True,False
sample01928,B seen ≠ proxy,1.0,0.9226315021514893,0.027452344074845314,0.8951791580766439,False,True,5,2,11,5,True,False
sample01929,B seen ≠ proxy,0.6666666666666666,0.8783835172653198,0.050924286246299744,0.8274592310190201,False,True,3,0,11,6,True,False
sample01930,B seen ≠ proxy,0.8,0.9433485269546509,0.09504979848861694,0.8482987284660339,False,True,6,2,12,9,True,False
sample01931,B not seen,1.0,0.39750906825065613,0.27314135432243347,0.12436771392822266,False,True,2,0,0,1,False,False
sample01932,B seen = proxy,1.0,0.8846550583839417,0.03496721386909485,0.8496878445148468,False,True,2,1,0,1,True,True
sample01933,uncertain,1.0,0.879887044429779,-0.15507125854492188,1.034958302974701,True,True,2,7,1,6,False,False
sample01934,B seen = proxy,0.8571428571428571,0.8297300934791565,0.02226988598704338,0.8074602074921131,False,True,3,2,6,2,True,True
sample01935,B seen ≠ proxy,0.75,0.9324575066566467,0.03784167021512985,0.8946158364415169,False,True,3,1,16,6,True,False
sample01936,B seen = proxy,0.8333333333333334,0.8801431655883789,0.046654410660266876,0.833488754928112,False,True,2,1,12,1,True,True
sample01937,B seen = proxy,1.0,0.745888352394104,0.031061619520187378,0.7148267328739166,False,True,2,1,11,1,True,True
sample01938,B seen = proxy,1.0,0.818008542060852,0.016318421810865402,0.8016901202499866,False,True,2,2,7,2,True,True
sample01939,B seen = proxy,0.8,0.8559660315513611,-0.002969183027744293,0.8589352145791054,False,True,2,1,7,1,True,True
sample01940,B seen = proxy,0.6666666666666666,0.785545825958252,0.026052627712488174,0.7594931982457638,False,True,2,1,26,1,True,True
sample01941,B not seen,0.75,0.12704122066497803,0.05823139473795891,0.06880982592701912,True,True,4,0,0,6,False,False
sample01942,B seen ≠ proxy,0.6,0.8779700994491577,0.11899837106466293,0.7589717283844948,False,True,3,0,15,2,True,False
sample01943,B seen ≠ proxy,0.8,0.8889878988265991,0.46694502234458923,0.4220428764820099,False,True,5,1,0,12,True,False
sample01944,B seen = proxy,1.0,0.8033962249755859,0.060106005519628525,0.7432902194559574,False,True,2,1,4,1,True,True
sample01945,B seen = proxy,1.0,0.8229266405105591,-0.032779909670352936,0.855706550180912,False,True,2,1,11,1,True,True
sample01946,B seen = proxy,1.0,0.9141559600830078,0.044343747198581696,0.8698122128844261,False,True,2,1,0,1,True,True
sample01947,B seen = proxy,1.0,0.9425898790359497,0.028732839971780777,0.9138570390641689,False,True,2,2,12,2,True,True
sample01948,B seen ≠ proxy,0.8333333333333334,0.8446626663208008,0.03945140540599823,0.8052112609148026,False,True,6,1,11,3,True,False
sample01949,B seen ≠ proxy,1.0,0.9460000991821289,0.06725707650184631,0.8787430226802826,False,True,7,2,11,3,True,False
sample01950,B seen ≠ proxy,1.0,0.8932480216026306,0.02831951715052128,0.8649285044521093,False,True,6,2,10,7,True,False
sample01951,B seen = proxy,1.0,0.9467442035675049,-0.055699922144412994,1.0024441257119179,False,True,2,3,0,3,True,True
sample01952,B seen = proxy,1.0,0.827063262462616,0.14865918457508087,0.6784040778875351,False,True,2,2,6,2,True,True
sample01953,B seen = proxy,1.0,0.9532593488693237,0.07917580753564835,0.8740835413336754,False,True,3,1,0,1,True,True
sample01954,B seen = proxy,1.0,0.827488362789154,0.1589525043964386,0.6685358583927155,False,True,5,2,16,2,True,True
sample01955,B seen = proxy,0.875,0.8543685674667358,0.025221675634384155,0.8291468918323517,False,True,3,2,13,2,True,True
sample01956,B seen ≠ proxy,0.8333333333333334,0.9670624732971191,0.2715190052986145,0.6955434679985046,False,True,3,1,4,7,True,False
sample01957,B seen ≠ proxy,1.0,0.9508405923843384,-0.02264758199453354,0.9734881743788719,False,True,3,1,9,1,True,False
sample01958,B seen ≠ proxy,1.0,0.9831048250198364,0.35403692722320557,0.6290678977966309,False,True,3,1,5,2,True,False
sample01959,B seen ≠ proxy,1.0,0.9459161758422852,-0.008200045675039291,0.9541162215173244,False,False,1,0,15,0,True,False
sample01960,B seen ≠ proxy,1.0,0.8516485691070557,0.22801780700683594,0.6236307621002197,False,True,4,3,0,6,True,False
sample01961,uncertain,0.7,0.45476752519607544,0.07485271245241165,0.3799148127436638,False,False,1,0,12,0,True,False
sample01962,B seen ≠ proxy,0.8,0.8020453453063965,0.32973143458366394,0.47231391072273254,False,False,1,0,17,0,True,False
sample01963,B seen = proxy,0.8461538461538461,0.8931366801261902,-0.017974400892853737,0.9111110810190439,False,True,2,2,8,2,True,True
sample01964,B seen = proxy,1.0,0.9070628881454468,0.05714433267712593,0.8499185554683208,False,True,3,2,8,2,True,True
sample01965,B seen ≠ proxy,1.0,0.8631985187530518,0.0616745799779892,0.8015239387750626,False,True,3,2,11,2,True,False
sample01966,B seen = proxy,1.0,0.9270272850990295,-0.04728023707866669,0.9743075221776962,False,True,2,5,0,5,True,True
sample01967,B seen = proxy,0.8333333333333334,0.884921133518219,0.04416414722800255,0.8407569862902164,False,True,2,1,8,1,True,True
sample01968,B seen ≠ proxy,0.6666666666666666,0.9056457877159119,0.03683864325284958,0.8688071444630623,False,True,3,1,15,1,True,False
sample01969,B seen = proxy,0.9473684210526315,0.8774268627166748,0.043313778936862946,0.8341130837798119,False,True,2,5,7,5,True,True
sample01970,B seen = proxy,1.0,0.8677068948745728,0.14128267765045166,0.7264242172241211,False,True,2,1,9,1,True,True
sample01971,B seen = proxy,0.6666666666666666,0.8942995071411133,-0.0038084611296653748,0.8981079682707787,False,True,2,1,0,1,True,True
sample01972,B seen = proxy,0.75,0.7867382168769836,0.005063636228442192,0.7816745806485415,False,True,2,2,12,2,True,True
sample01973,B seen = proxy,0.8181818181818182,0.9332356452941895,-0.019156819209456444,0.9523924645036459,False,True,2,1,5,1,True,True
sample01974,B seen = proxy,0.5714285714285714,0.9549925327301025,0.015653369948267937,0.9393391627818346,False,True,3,4,10,4,True,True
sample01975,B seen = proxy,1.0,0.9691581726074219,0.04104256629943848,0.9281156063079834,False,True,2,3,7,3,True,True
sample01976,B seen ≠ proxy,0.9,0.8588786125183105,0.11325403302907944,0.7456245794892311,False,True,5,1,0,6,True,False
sample01977,B seen ≠ proxy,0.5,0.912143349647522,0.0614088699221611,0.8507344797253609,False,True,4,3,10,7,True,False
sample01978,B seen ≠ proxy,0.8333333333333334,0.8707581758499146,0.04589004069566727,0.8248681351542473,False,True,3,2,14,4,True,False
sample01979,B seen ≠ proxy,1.0,0.9089057445526123,0.18653759360313416,0.7223681509494781,False,True,3,1,8,2,True,False
sample01980,B seen ≠ proxy,1.0,0.9742975234985352,0.060856204479932785,0.9134413190186024,False,False,1,0,12,0,True,False
sample01981,B seen ≠ proxy,0.9,0.9265269041061401,0.18204981088638306,0.7444770932197571,False,True,4,2,7,3,True,False
sample01982,B seen ≠ proxy,1.0,0.9581955671310425,0.017764365300536156,0.9404312018305063,False,True,3,1,23,1,True,False
sample01983,B seen ≠ proxy,1.0,0.9284716844558716,-0.0337945893406868,0.9622662737965584,False,True,3,1,9,5,True,False
sample01984,B seen ≠ proxy,0.8,0.9418482780456543,0.006550077348947525,0.9352982006967068,False,False,1,0,10,0,True,False
sample01985,B not seen,0.6666666666666666,0.06799101829528809,-0.008346046321094036,0.07633706461638212,False,False,1,0,0,0,False,False
sample01986,B seen ≠ proxy,1.0,0.877098560333252,0.07682803273200989,0.8002705276012421,False,True,3,2,6,5,True,False
sample01987,B seen = proxy,0.8,0.7622456550598145,0.2123163938522339,0.5499292612075806,False,True,3,2,7,2,True,True
sample01988,B seen = proxy,1.0,0.6029495596885681,0.020778728649020195,0.5821708310395479,False,True,2,3,0,3,True,True
sample01989,B not seen,0.625,0.03810407221317291,-1.0,1.038104072213173,True,False,1,0,0,0,False,False
sample01990,B seen = proxy,1.0,0.8548684120178223,-0.01933654397726059,0.8742049559950829,False,True,2,3,14,3,True,True
sample01991,B seen ≠ proxy,0.9166666666666666,0.9485406875610352,0.0343744233250618,0.9141662642359734,False,False,1,0,5,0,True,False
sample01992,B seen = proxy,1.0,0.8621455430984497,0.029550030827522278,0.8325955122709274,False,True,2,1,7,1,True,True
sample01993,B seen ≠ proxy,1.0,0.8696496486663818,0.10792071372270584,0.761728934943676,False,True,3,3,23,3,True,False
sample01994,B seen = proxy,1.0,0.7884154319763184,0.02431989088654518,0.7640955410897732,False,True,2,2,8,2,True,True
sample01995,B seen = proxy,1.0,0.9201984405517578,0.07227658480405807,0.8479218557476997,False,True,2,1,24,1,True,True
sample01996,B seen = proxy,1.0,0.8668137788772583,0.047947708517313004,0.8188660703599453,False,True,2,1,9,1,True,True
sample01997,B seen = proxy,0.6666666666666666,0.8797779679298401,0.05561889708042145,0.8241590708494186,False,True,3,2,0,2,True,True
sample01998,B seen ≠ proxy,0.6,0.8312397599220276,-0.00929182581603527,0.8405315857380629,False,True,3,2,10,3,True,False
sample01999,B seen = proxy,1.0,0.7475345134735107,0.05568400025367737,0.6918505132198334,False,True,3,4,6,4,True,True
sample02000,B seen ≠ proxy,0.5,0.7907418012619019,0.06803573668003082,0.722706064581871,False,True,2,0,8,6,True,False
sample02001,B seen ≠ proxy,1.0,0.9274035096168518,0.38699451088905334,0.5404089987277985,False,True,4,4,5,5,True,False
sample02002,B seen ≠ proxy,0.8,0.7074862718582153,0.07537707686424255,0.6321091949939728,False,False,1,0,18,0,True,False
sample02003,B seen ≠ proxy,1.0,0.8761659860610962,0.4134792983531952,0.462686687707901,False,True,3,1,11,3,True,False
sample02004,B seen ≠ proxy,0.7777777777777778,0.8590792417526245,0.1988232433795929,0.6602559983730316,False,True,4,2,0,7,True,False
sample02005,B seen = proxy,1.0,0.8385726809501648,0.06269398331642151,0.7758786976337433,False,True,2,1,7,1,True,True
sample02006,B seen ≠ proxy,1.0,0.8880243301391602,0.082069993019104,0.8059543371200562,False,True,2,0,8,9,True,False
sample02007,B seen ≠ proxy,1.0,0.8761601448059082,0.0723823606967926,0.8037777841091156,False,True,3,3,18,7,True,False
sample02008,B seen = proxy,1.0,0.8202038407325745,0.01197722926735878,0.8082266114652157,False,True,2,1,6,1,True,True
sample02009,B seen = proxy,1.0,0.8782145977020264,0.03695957362651825,0.8412550240755081,False,True,2,3,8,3,True,True
sample02010,B seen = proxy,1.0,0.9122281074523926,0.05415940657258034,0.8580687008798122,False,True,2,1,2,1,True,True
sample02011,B seen ≠ proxy,0.75,0.5589314103126526,-0.1245880126953125,0.6835194230079651,False,False,1,0,5,0,True,False
sample02012,B seen ≠ proxy,0.6363636363636364,0.928849995136261,-0.10744345188140869,1.0362934470176697,False,False,1,0,6,0,True,False
sample02013,B seen = proxy,0.6,0.960036039352417,-0.13943234086036682,1.0994683802127838,False,True,2,4,17,4,True,True
sample02014,B seen = proxy,1.0,0.6886752843856812,-0.10052831470966339,0.7892035990953445,False,True,2,2,7,2,True,True
sample02015,B seen = proxy,1.0,0.9248731136322021,0.09638459980487823,0.8284885138273239,False,True,3,2,0,2,True,True
sample02016,B seen ≠ proxy,0.7142857142857143,0.8443669080734253,-0.030638566240668297,0.8750054743140936,False,False,1,0,3,0,True,False
sample02017,B seen = proxy,0.8333333333333334,0.7433508038520813,0.4815462827682495,0.2618045210838318,False,True,2,2,12,2,True,True
sample02018,B seen = proxy,1.0,0.9403165578842163,-0.0027053742669522762,0.9430219321511686,False,True,2,1,0,1,True,True
sample02019,B seen ≠ proxy,0.6,0.8639906644821167,-0.15337622165679932,1.017366886138916,False,False,1,0,8,0,True,False
sample02020,B seen ≠ proxy,0.9090909090909091,0.8363829851150513,0.364025354385376,0.4723576307296753,False,False,1,0,9,0,True,False
sample02021,B seen = proxy,1.0,0.7696412801742554,-0.08306531608104706,0.8527065962553024,False,True,2,3,14,3,True,True
sample02022,B seen ≠ proxy,1.0,0.6760913133621216,-0.06627713888883591,0.7423684522509575,False,False,1,0,14,0,True,False
sample02023,B seen ≠ proxy,1.0,0.8832164406776428,0.09512212127447128,0.7880943194031715,False,False,1,0,7,0,True,False
sample02024,B seen ≠ proxy,0.8333333333333334,0.5694453120231628,0.002492569386959076,0.5669527426362038,False,False,1,0,6,0,True,False
sample02025,B seen ≠ proxy,0.8333333333333334,0.8896058797836304,0.08737827837467194,0.8022276014089584,False,False,1,0,4,0,True,False
sample02026,B not seen,0.75,0.32366275787353516,0.10575272887945175,0.2179100289940834,False,True,2,0,0,2,False,False
sample02027,B seen = proxy,1.0,0.6650084853172302,-0.045299530029296875,0.7103080153465271,False,True,3,2,14,2,True,True
sample02028,B seen ≠ proxy,0.8181818181818182,0.8306501507759094,0.40175050497055054,0.4288996458053589,False,True,2,0,2,2,True,False
sample02029,B seen = proxy,0.9411764705882353,0.9483083486557007,0.11173462122678757,0.8365737274289131,False,True,2,4,5,4,True,True
sample02030,B seen = proxy,0.6,0.88929283618927,0.014524176716804504,0.8747686594724655,False,True,2,1,0,1,True,True
sample02031,B seen ≠ proxy,0.8333333333333334,0.8817811012268066,0.1547594666481018,0.7270216345787048,False,True,2,0,12,2,True,False
sample02032,B seen ≠ proxy,0.75,0.8153296709060669,0.020395468920469284,0.7949342019855976,False,True,3,1,2,1,True,False
sample02033,B seen = proxy,1.0,0.8773480653762817,-0.047951169312000275,0.925299234688282,False,True,2,1,0,1,True,True
sample02034,B seen ≠ proxy,0.6,0.7318798303604126,-0.06184113025665283,0.7937209606170654,False,False,1,0,18,0,True,False
sample02035,B seen = proxy,1.0,0.9665029644966125,-0.10030031204223633,1.0668032765388489,False,True,2,1,11,1,True,True
sample02036,B seen ≠ proxy,0.8666666666666667,0.7670193910598755,0.1409815400838852,0.6260378509759903,False,False,1,0,11,0,True,False
sample02037,B seen ≠ proxy,0.5555555555555556,0.8403733968734741,0.09847398847341537,0.7418994084000587,False,True,2,0,6,1,True,False
sample02038,B seen ≠ proxy,1.0,0.8106785416603088,0.020651651546359062,0.7900268901139498,False,True,4,1,4,1,True,False
sample02039,B not seen,0.7777777777777778,-0.039205774664878845,-1.0,0.9607942253351212,True,False,1,0,0,0,False,False
sample02040,B seen ≠ proxy,1.0,0.9350377321243286,-0.03990228474140167,0.9749400168657303,False,False,1,0,15,0,True,False
sample02041,B seen = proxy,0.9166666666666666,0.9807308316230774,-0.07828858494758606,1.0590194165706635,False,True,2,1,10,1,True,True
sample02042,B seen = proxy,1.0,0.7950873374938965,-0.05963701754808426,0.8547243550419807,False,True,2,1,12,1,True,True
sample02043,B seen = proxy,0.9,0.9352729320526123,-0.05522480979561806,0.9904977418482304,False,True,2,1,0,1,True,True
sample02044,B seen = proxy,1.0,0.8637257814407349,0.11632179468870163,0.7474039867520332,False,True,2,1,10,1,True,True
sample02045,B seen = proxy,1.0,0.7722463607788086,-0.023392638191580772,0.7956389989703894,False,True,2,2,8,2,True,True
sample02046,B seen ≠ proxy,0.7692307692307693,0.9502784013748169,0.10195554792881012,0.8483228534460068,False,True,6,1,2,3,True,False
sample02047,B seen = proxy,0.8181818181818182,0.9551644325256348,0.15665891766548157,0.7985055148601532,False,True,2,3,3,3,True,True
sample02048,B seen ≠ proxy,0.5,0.9738632440567017,0.03475670889019966,0.939106535166502,False,True,3,2,11,4,True,False
sample02049,B seen ≠ proxy,1.0,0.9513890743255615,0.08069755882024765,0.8706915155053139,False,False,1,0,9,0,True,False
sample02050,B not seen,1.0,0.008654391393065453,-1.0,1.0086543913930655,True,False,1,0,0,0,False,False
sample02051,B seen ≠ proxy,1.0,0.9643303751945496,-0.017402898520231247,0.9817332737147808,False,False,1,0,25,0,True,False
sample02052,B seen ≠ proxy,1.0,0.7496615052223206,0.014499001204967499,0.7351625040173531,False,False,1,0,5,0,True,False
sample02053,B seen ≠ proxy,1.0,0.7359081506729126,-0.04589836299419403,0.7818065136671066,False,False,1,0,11,0,True,False
sample02054,B seen ≠ proxy,0.7142857142857143,0.8952832221984863,0.44755691289901733,0.447726309299469,False,True,3,2,0,7,True,False
sample02055,B seen = proxy,1.0,0.9538943767547607,0.01195649802684784,0.9419378787279129,False,True,3,2,16,2,True,True
sample02056,B seen = proxy,0.8571428571428571,0.9243589639663696,-0.006897836923599243,0.9312568008899689,False,True,2,2,0,2,True,True
sample02057,B seen = proxy,1.0,0.9555056095123291,0.008731501176953316,0.9467741083353758,False,True,2,2,17,2,True,True
sample02058,B not seen,0.6666666666666666,0.02987413853406906,-0.04818793758749962,0.07806207612156868,True,False,1,0,0,0,False,False
sample02059,B seen = proxy,1.0,0.7047818899154663,0.11329575628042221,0.5914861336350441,False,True,2,2,5,2,True,True
sample02060,B seen = proxy,0.6666666666666666,0.8149696588516235,0.22607019543647766,0.5888994634151459,False,True,2,2,3,2,True,True
sample02061,B seen = proxy,1.0,0.9687265157699585,0.21235112845897675,0.7563753873109818,False,True,2,2,26,2,True,True
sample02062,B seen ≠ proxy,1.0,0.8941252827644348,0.18433575332164764,0.7097895294427872,False,False,1,0,4,0,True,False
sample02063,B not seen,1.0,0.19477269053459167,-1.0,1.1947726905345917,True,False,1,0,0,0,False,False
sample02064,B seen ≠ proxy,1.0,0.5839296579360962,0.006865270435810089,0.5770643875002861,False,True,2,0,6,4,True,False
sample02065,B seen = proxy,1.0,0.9378480911254883,0.23645707964897156,0.7013910114765167,False,True,3,2,10,2,True,True
sample02066,B seen ≠ proxy,1.0,0.9788006544113159,0.27313053607940674,0.7056701183319092,False,True,3,3,10,11,True,False
sample02067,B seen ≠ proxy,0.6666666666666666,0.8547660708427429,-0.008367481641471386,0.8631335524842143,False,False,1,0,17,0,True,False
sample02068,B seen ≠ proxy,0.875,0.9459184408187866,0.04001510888338089,0.9059033319354057,False,True,3,1,11,7,True,False
sample02069,B seen ≠ proxy,0.7777777777777778,0.9677015542984009,0.025526665151119232,0.9421748891472816,False,True,3,1,15,1,True,False
sample02070,B seen = proxy,0.75,0.918060302734375,-0.11931786686182022,1.0373781695961952,False,True,2,3,0,3,True,True
sample02071,B seen ≠ proxy,1.0,0.9698157906532288,-0.08492930233478546,1.0547450929880142,False,True,2,0,10,1,True,False
sample02072,B seen = proxy,1.0,0.7777830362319946,-0.017372559756040573,0.7951555959880352,False,True,3,2,0,2,True,True
sample02073,B seen = proxy,0.9090909090909091,0.8165806531906128,0.01943044364452362,0.7971502095460892,False,True,2,2,9,2,True,True
sample02074,B seen = proxy,1.0,0.9197468757629395,0.00021614320576190948,0.9195307325571775,False,True,2,1,14,1,True,True
sample02075,B not seen,1.0,-0.12875936925411224,-1.0,0.8712406307458878,True,False,1,0,0,0,False,False
sample02076,B seen ≠ proxy,1.0,0.7603991031646729,-0.13344678282737732,0.8938458859920502,False,False,1,0,23,0,True,False
sample02077,uncertain,0.5,0.9562920928001404,0.4819377064704895,0.4743543863296509,True,False,1,10,4,0,False,False
sample02078,uncertain,0.5625,0.8704875707626343,0.08013726770877838,0.7903503030538559,True,True,2,6,6,2,False,False
sample02079,B not seen,1.0,0.2232908308506012,-0.02222277596592903,0.24551360681653023,False,True,2,0,0,7,False,False
sample02080,B seen = proxy,1.0,0.8897552490234375,0.013474006205797195,0.8762812428176403,False,True,2,1,17,1,True,True
sample02081,B seen = proxy,1.0,0.7884461283683777,0.12262533605098724,0.6658207923173904,False,True,2,5,0,5,True,True
sample02082,B seen = proxy,1.0,0.9097671508789062,-0.06453105807304382,0.9742982089519501,False,True,2,2,0,2,True,True
sample02083,B seen ≠ proxy,1.0,0.8847389221191406,-0.09064534306526184,0.9753842651844025,False,False,1,0,17,0,True,False
sample02084,B seen = proxy,1.0,0.8565212488174438,-0.05874346196651459,0.9152647107839584,False,True,2,2,3,2,True,True
sample02085,B seen = proxy,1.0,0.7684909105300903,0.1854580044746399,0.5830329060554504,False,True,2,2,10,2,True,True
sample02086,B seen = proxy,1.0,0.7440159320831299,-0.09631995111703873,0.8403358832001686,False,True,2,2,0,2,True,True
sample02087,B seen ≠ proxy,0.8461538461538461,0.7373690009117126,-0.08593165874481201,0.8233006596565247,False,False,1,0,25,0,True,False
sample02088,B seen = proxy,1.0,0.8559611439704895,0.07149691879749298,0.7844642251729965,False,True,2,1,0,1,True,True
sample02089,B seen = proxy,0.7777777777777778,0.9229103922843933,0.45299196243286133,0.469918429851532,False,True,2,1,0,1,True,True
sample02090,B seen ≠ proxy,0.7692307692307693,0.8125885725021362,0.02047998458147049,0.7921085879206657,False,False,1,0,20,0,True,False
sample02091,B seen ≠ proxy,1.0,0.7092317938804626,0.4356468915939331,0.27358490228652954,False,True,4,2,15,3,True,False
sample02092,B seen = proxy,0.7142857142857143,0.8090322017669678,0.26758909225463867,0.5414431095123291,False,True,3,2,17,2,True,True
sample02093,B seen ≠ proxy,1.0,0.9066195487976074,0.12420623004436493,0.7824133187532425,False,True,3,2,8,5,True,False
sample02094,B seen = proxy,1.0,0.9623680710792542,-0.05214330554008484,1.014511376619339,False,True,2,1,15,1,True,True
sample02095,B seen ≠ proxy,0.875,0.9033084511756897,0.0945025384426117,0.808805912733078,False,True,4,2,9,7,True,False
sample02096,B seen ≠ proxy,1.0,0.9206143617630005,-0.01770973764359951,0.9383240994066,False,True,3,1,12,2,True,False
sample02097,B seen = proxy,0.7777777777777778,0.8256220817565918,-0.02398774027824402,0.8496098220348358,False,True,2,2,0,2,True,True
sample02098,B seen = proxy,1.0,0.9201425313949585,-0.01866564154624939,0.9388081729412079,False,True,2,2,12,2,True,True
sample02099,uncertain,0.6,0.528346598148346,0.11050739884376526,0.4178391993045807,False,True,2,0,13,1,True,False
sample02100,B seen = proxy,1.0,0.9558250308036804,0.028713911771774292,0.9271111190319061,False,True,2,2,0,2,True,True
sample02101,B seen ≠ proxy,1.0,0.9057612419128418,0.022298602387309074,0.8834626395255327,False,False,1,0,9,0,True,False
sample02102,B seen ≠ proxy,0.7272727272727273,0.7919822931289673,0.020905867218971252,0.771076425909996,False,False,1,0,8,0,True,False
sample02103,B seen = proxy,1.0,0.9467599987983704,0.202931210398674,0.7438287883996964,False,True,2,1,0,1,True,True
sample02104,B seen ≠ proxy,0.8888888888888888,0.9269333481788635,0.20850910246372223,0.7184242457151413,False,False,1,0,14,0,True,False
sample02105,B seen ≠ proxy,0.8333333333333334,0.8641198873519897,0.0488000363111496,0.8153198510408401,False,True,6,3,10,8,True,False
sample02106,B not seen,0.5833333333333334,0.05970548093318939,0.035440392792224884,0.024265088140964508,True,True,2,0,0,7,False,False
sample02107,B not seen,0.8,0.08299815654754639,-1.0,1.0829981565475464,True,False,1,0,0,0,False,False
sample02108,B seen ≠ proxy,0.8333333333333334,0.8332479596138,0.07241961359977722,0.7608283460140228,False,False,1,0,8,0,True,False
sample02109,B seen = proxy,1.0,0.8806970119476318,0.05409766733646393,0.8265993446111679,False,True,2,2,0,2,True,True
sample02110,B seen = proxy,1.0,0.8900279998779297,0.07455076277256012,0.8154772371053696,False,True,2,3,0,3,True,True
sample02111,B seen ≠ proxy,1.0,0.8262104392051697,0.08610709011554718,0.7401033490896225,False,False,1,0,8,0,True,False
sample02112,B seen ≠ proxy,0.75,0.8565245866775513,0.0679510235786438,0.7885735630989075,False,False,1,0,14,0,True,False
sample02113,B seen = proxy,1.0,0.8471156358718872,0.0012299055233597755,0.8458857303485274,False,True,2,2,0,2,True,True
sample02114,B seen ≠ proxy,0.7777777777777778,0.7110477685928345,-0.05552740395069122,0.7665751725435257,False,False,1,0,8,0,True,False
sample02115,B seen ≠ proxy,1.0,0.7593402862548828,0.010000992566347122,0.7493392936885357,False,True,3,1,0,3,True,False
sample02116,B seen = proxy,1.0,0.9449329376220703,0.05817124620079994,0.8867616914212704,False,True,2,2,17,2,True,True
sample02117,B not seen,1.0,0.08679470419883728,-1.0,1.0867947041988373,True,False,1,0,0,0,False,False
sample02118,B seen ≠ proxy,0.8333333333333334,0.7022427320480347,0.0644267350435257,0.637815997004509,False,False,1,0,14,0,True,False
sample02119,B seen ≠ proxy,0.875,0.9612048864364624,0.11293421685695648,0.8482706695795059,False,True,4,3,0,5,True,False
sample02120,B seen = proxy,1.0,0.5789361000061035,0.3411028981208801,0.2378332018852234,False,True,2,1,0,1,True,True
sample02121,B seen ≠ proxy,0.8333333333333334,0.7811561226844788,0.0754421055316925,0.7057140171527863,False,True,2,0,7,3,True,False
sample02122,B seen = proxy,1.0,0.7592148780822754,0.0024899085983633995,0.756724969483912,False,True,2,2,0,2,True,True
sample02123,B seen ≠ proxy,1.0,0.5881075859069824,0.009659654460847378,0.578447931446135,False,False,1,0,22,0,True,False
sample02124,B seen ≠ proxy,1.0,0.8099435567855835,-0.006648454815149307,0.8165920116007328,False,False,1,0,6,0,True,False
sample02125,B not seen,1.0,0.05523071810603142,-1.0,1.0552307181060314,True,False,1,0,0,0,False,False
sample02126,B seen ≠ proxy,0.8181818181818182,0.7857011556625366,0.09230013191699982,0.6934010237455368,False,False,1,0,17,0,True,False
sample02127,B seen = proxy,1.0,0.9214293956756592,0.01966802589595318,0.901761369779706,False,True,2,1,7,1,True,True
sample02128,B seen ≠ proxy,1.0,0.8088946342468262,0.07045923173427582,0.7384354025125504,False,True,3,2,12,3,True,False
sample02129,uncertain,0.8,0.5453047752380371,0.4179486036300659,0.1273561716079712,False,True,6,0,6,2,True,False
sample02130,B seen = proxy,0.875,0.772910475730896,0.3510867953300476,0.4218236804008484,False,True,2,1,5,1,True,True
sample02131,B seen = proxy,1.0,0.7874174118041992,0.515865683555603,0.2715517282485962,False,True,2,1,1,1,True,True
sample02132,B seen = proxy,0.7777777777777778,0.916043758392334,0.0363108292222023,0.8797329291701317,False,True,3,3,2,3,True,True
sample02133,B seen = proxy,1.0,0.8448704481124878,-0.07159626483917236,0.9164667129516602,False,True,2,1,0,1,True,True
sample02134,B seen ≠ proxy,0.9,0.8419533967971802,-0.06014559417963028,0.9020989909768105,False,False,1,0,5,0,True,False
sample02135,B seen = proxy,0.9166666666666666,0.8954861760139465,-0.06847356259822845,0.963959738612175,False,True,2,1,16,1,True,True
sample02136,B seen = proxy,1.0,0.9838533401489258,-0.0583622008562088,1.0422155410051346,False,True,2,1,9,1,True,True
sample02137,B seen ≠ proxy,0.75,0.8797390460968018,-0.08981098979711533,0.9695500358939171,False,False,1,0,11,0,True,False
sample02138,B seen ≠ proxy,1.0,0.8491344451904297,-0.1327076554298401,0.9818421006202698,False,False,1,0,4,0,True,False
sample02139,B seen = proxy,0.9,0.6072057485580444,0.27833086252212524,0.3288748860359192,False,True,6,1,11,1,True,True
sample02140,B seen = proxy,1.0,0.7414963245391846,0.4238491952419281,0.31764712929725647,False,True,2,1,6,1,True,True
sample02141,B not seen,0.375,0.3974267542362213,0.047201208770275116,0.3502255454659462,True,True,3,0,0,2,False,False
sample02142,B not seen,0.9166666666666666,0.07674845308065414,0.024269163608551025,0.05247928947210312,True,False,1,0,0,0,False,False
sample02143,B seen ≠ proxy,1.0,0.6435043215751648,0.5111440420150757,0.1323602795600891,False,True,2,0,7,1,True,False
sample02144,B seen ≠ proxy,1.0,0.9540791511535645,0.06861747801303864,0.8854616731405258,False,False,1,0,8,0,True,False
sample02145,B seen ≠ proxy,0.5714285714285714,0.7905522584915161,0.08411133289337158,0.7064409255981445,False,False,1,0,14,0,True,False
sample02146,B seen = proxy,1.0,0.9180847406387329,0.03315427154302597,0.8849304690957069,False,True,2,2,0,2,True,True
sample02147,B seen = proxy,1.0,0.9661130905151367,0.05089870095252991,0.9152143895626068,False,True,2,2,6,2,True,True
sample02148,B seen ≠ proxy,0.6,0.9210721254348755,0.0749097689986229,0.8461623564362526,False,False,1,0,13,0,True,False
sample02149,B seen = proxy,0.5,0.9293884038925171,0.1022217646241188,0.8271666392683983,False,True,3,3,0,3,True,True
sample02150,B seen = proxy,0.5,0.9344505071640015,0.04250171035528183,0.8919487968087196,False,True,2,4,15,4,True,True
sample02151,B seen ≠ proxy,1.0,0.9268457293510437,0.12081953883171082,0.8060261905193329,False,True,3,3,6,3,True,False
sample02152,B seen ≠ proxy,1.0,0.9644966125488281,-0.02507864125072956,0.9895752537995577,False,True,4,8,7,8,True,False
sample02153,B seen ≠ proxy,1.0,0.9727373123168945,0.002105439081788063,0.9706318732351065,False,False,1,0,17,0,True,False
sample02154,B seen ≠ proxy,1.0,0.9405404329299927,0.011167248710989952,0.9293731842190027,False,True,3,0,8,8,True,False
sample02155,B not seen,1.0,-0.014520428143441677,-0.018007054924964905,0.0034866267815232277,True,True,2,0,0,8,False,False
sample02156,B seen ≠ proxy,1.0,0.887065052986145,-0.0048588234931230545,0.8919238764792681,False,False,1,0,14,0,True,False
sample02157,B seen ≠ proxy,1.0,0.9342901110649109,-0.00010715797543525696,0.9343972690403461,False,True,3,1,0,10,True,False
sample02158,B seen ≠ proxy,0.6875,0.5585814118385315,0.06948888301849365,0.48909252882003784,False,True,2,0,6,16,True,False
sample02159,B seen ≠ proxy,1.0,0.834923505783081,0.1108098104596138,0.7241136953234673,False,True,4,1,11,8,True,False
sample02160,B seen ≠ proxy,1.0,0.8104568719863892,0.012294197455048561,0.7981626745313406,False,False,1,0,9,0,True,False
sample02161,B seen ≠ proxy,0.6153846153846154,0.9243043661117554,0.017385143786668777,0.9069192223250866,False,False,1,0,7,0,True,False
sample02162,B seen = proxy,1.0,0.920185387134552,0.02985438145697117,0.8903310056775808,False,True,3,2,0,2,True,True
sample02163,B seen ≠ proxy,1.0,0.9644520878791809,0.01528699416667223,0.9491650937125087,False,False,1,0,16,0,True,False
sample02164,B not seen,1.0,0.14242175221443176,0.07484874874353409,0.06757300347089767,True,False,1,0,0,0,False,False
sample02165,B seen ≠ proxy,0.8666666666666667,0.8016303777694702,0.1061810776591301,0.6954493001103401,False,True,6,0,4,4,True,False
sample02166,B seen ≠ proxy,1.0,0.6887158155441284,0.08148831129074097,0.6072275042533875,False,True,3,1,13,7,True,False
sample02167,B seen = proxy,1.0,0.9256283044815063,0.1391189992427826,0.7865093052387238,False,True,2,1,0,1,True,True
sample02168,B seen = proxy,1.0,0.916297197341919,0.1439485400915146,0.7723486572504044,False,True,2,1,14,1,True,True
sample02169,B seen ≠ proxy,0.9230769230769231,0.9502571821212769,0.15094974637031555,0.7993074357509613,False,False,1,0,14,0,True,False
sample02170,B seen ≠ proxy,0.7058823529411765,0.8920265436172485,0.15007339417934418,0.7419531494379044,False,False,1,0,7,0,True,False
sample02171,B seen = proxy,1.0,0.9336232542991638,0.1639767289161682,0.7696465253829956,False,True,2,3,16,3,True,True
sample02172,B seen ≠ proxy,0.9,0.8732128739356995,0.13390299677848816,0.7393098771572113,False,False,1,0,13,0,True,False
sample02173,B seen ≠ proxy,0.5,0.7991880178451538,0.1632743775844574,0.6359136402606964,False,False,1,0,5,0,True,False
sample02174,uncertain,0.9285714285714286,0.6555753946304321,0.0449567548930645,0.6106186397373676,True,True,5,2,0,2,False,False
sample02175,B seen ≠ proxy,0.6,0.8130911588668823,0.44161367416381836,0.37147748470306396,False,True,6,1,1,2,True,False
sample02176,B seen = proxy,0.8333333333333334,0.9075267314910889,0.03380705043673515,0.8737196810543537,False,True,2,2,19,2,True,True
sample02177,B seen = proxy,1.0,0.9265060424804688,0.008611954748630524,0.9178940877318382,False,True,2,1,8,1,True,True
sample02178,B seen = proxy,1.0,0.8583691120147705,0.044741369783878326,0.8136277422308922,False,True,2,2,20,2,True,True
sample02179,B seen ≠ proxy,0.7777777777777778,0.8684824705123901,0.040063224732875824,0.8284192457795143,False,False,1,0,15,0,True,False
sample02180,B seen ≠ proxy,1.0,0.8565208315849304,0.07302689552307129,0.7834939360618591,False,True,3,2,18,7,True,False
sample02181,B seen ≠ proxy,1.0,0.9155376553535461,0.12321429699659348,0.7923233583569527,False,False,1,0,10,0,True,False
sample02182,B seen = proxy,0.8181818181818182,0.9347864389419556,0.034128785133361816,0.9006576538085938,False,True,2,1,11,1,True,True
sample02183,B seen = proxy,1.0,0.9407865405082703,0.12698981165885925,0.813796728849411,False,True,2,2,11,2,True,True
sample02184,B seen = proxy,1.0,0.9396935701370239,0.07982085645198822,0.8598727136850357,False,True,2,2,0,2,True,True
sample02185,B seen = proxy,1.0,0.9581185579299927,0.13823749125003815,0.8198810666799545,False,True,2,4,11,4,True,True
sample02186,B seen ≠ proxy,0.8571428571428571,0.9361640214920044,0.15271605551242828,0.7834479659795761,False,False,1,0,7,0,True,False
sample02187,B seen = proxy,1.0,0.8683196306228638,0.11138460040092468,0.7569350302219391,False,True,2,1,15,1,True,True
sample02188,B seen = proxy,1.0,0.897638738155365,0.10387459397315979,0.7937641441822052,False,True,2,2,0,2,True,True
sample02189,B seen = proxy,0.8,0.9574549794197083,0.12854014337062836,0.8289148360490799,False,True,2,1,10,1,True,True
sample02190,B seen ≠ proxy,1.0,0.8897594213485718,0.11498840153217316,0.7747710198163986,False,False,1,0,15,0,True,False
sample02191,B seen = proxy,1.0,0.9870650768280029,0.12806037068367004,0.8590047061443329,False,True,2,2,6,2,True,True
sample02192,B seen ≠ proxy,1.0,0.949819803237915,0.1753421425819397,0.7744776606559753,False,False,1,0,9,0,True,False
sample02193,B seen ≠ proxy,1.0,0.9920922517776489,0.14852578938007355,0.8435664623975754,False,True,2,0,8,1,True,False
sample02194,B seen ≠ proxy,1.0,0.8703277111053467,0.14429816603660583,0.7260295450687408,False,False,1,0,8,0,True,False
sample02195,B not seen,1.0,0.11026237159967422,0.10425332188606262,0.006009049713611603,False,True,2,0,0,5,False,False
sample02196,B seen = proxy,0.875,0.9342275857925415,-0.008329089730978012,0.9425566755235195,False,True,2,2,12,2,True,True
sample02197,B seen = proxy,1.0,0.9214030504226685,-0.009524921886622906,0.9309279723092914,False,True,2,2,8,2,True,True
sample02198,B seen ≠ proxy,0.5833333333333334,0.7552955150604248,0.025519371032714844,0.72977614402771,False,False,1,0,14,0,True,False
sample02199,B not seen,1.0,0.015026061795651913,-0.049380723387002945,0.06440678518265486,True,True,2,0,0,5,False,False
sample02200,B seen ≠ proxy,1.0,0.9418308734893799,-0.002519134432077408,0.9443500079214573,False,False,1,0,15,0,True,False
sample02201,B not seen,1.0,0.2786900997161865,0.00873515009880066,0.26995494961738586,False,False,1,0,0,0,False,False
sample02202,B seen ≠ proxy,1.0,0.9643367528915405,-0.00824081152677536,0.9725775644183159,False,False,1,0,6,0,True,False
sample02203,B seen ≠ proxy,1.0,0.9027868509292603,-0.0024822233244776726,0.9052690742537379,False,False,1,0,4,0,True,False
sample02204,B not seen,1.0,-0.02734345570206642,-1.0,0.9726565442979336,True,False,1,0,0,0,False,False
sample02205,B seen ≠ proxy,0.9090909090909091,0.9690403938293457,-0.03621011972427368,1.0052505135536194,False,False,1,0,8,0,True,False
sample02206,B seen = proxy,1.0,0.9616353511810303,-0.020098866894841194,0.9817342180758715,False,True,2,1,13,1,True,True
sample02207,B seen ≠ proxy,1.0,0.9680893421173096,-0.03748812526464462,1.0055774673819542,False,False,1,0,10,0,True,False
sample02208,B seen ≠ proxy,1.0,0.929874837398529,-0.0046610152348876,0.9345358526334167,False,False,1,0,8,0,True,False
sample02209,B seen ≠ proxy,1.0,0.7645007371902466,0.011641224846243858,0.7528595123440027,False,False,1,0,7,0,True,False
sample02210,B seen = proxy,0.5454545454545454,0.8208097219467163,0.37730252742767334,0.44350719451904297,False,True,2,1,15,1,True,True
sample02211,B seen = proxy,1.0,0.9050782918930054,-0.06509606540203094,0.9701743572950363,False,True,2,1,5,1,True,True
sample02212,uncertain,1.0,0.9062116742134094,0.2398364543914795,0.6663752198219299,True,True,2,6,2,5,False,False
sample02213,B not seen,1.0,-0.04170185700058937,-1.0,0.9582981429994106,True,False,1,0,0,0,False,False
sample02214,B seen ≠ proxy,1.0,0.9153282642364502,0.04597098380327225,0.869357280433178,False,True,3,1,9,6,True,False
sample02215,B seen ≠ proxy,0.6,0.9200992584228516,0.3943750858306885,0.5257241725921631,False,True,3,0,5,2,True,False
sample02216,B seen ≠ proxy,0.8181818181818182,0.8837298154830933,-0.04006600379943848,0.9237958192825317,False,False,1,0,4,0,True,False
sample02217,B not seen,1.0,-0.014449665322899818,-1.0,0.9855503346771002,True,False,1,0,0,0,False,False
sample02218,uncertain,0.5,0.6737792491912842,-1.0,1.6737792491912842,True,False,1,6,22,0,False,False
sample02219,B not seen,0.8461538461538461,0.03754435479640961,-0.010410476475954056,0.04795483127236366,False,False,1,0,0,0,False,False
sample02220,B seen ≠ proxy,0.8,0.8207752704620361,0.023409608751535416,0.7973656617105007,False,False,1,0,11,0,True,False
sample02221,B seen ≠ proxy,1.0,0.810179591178894,0.33810245990753174,0.4720771312713623,False,True,4,6,9,10,True,False
sample02222,B seen ≠ proxy,0.9,0.8919878005981445,0.16525250673294067,0.7267352938652039,False,True,2,0,10,16,True,False
sample02223,uncertain,0.8333333333333334,0.4762181341648102,-0.0830366313457489,0.5592547655105591,False,False,1,0,9,0,True,False
sample02224,B seen = proxy,1.0,0.9017057418823242,-0.10002124309539795,1.0017269849777222,False,True,2,1,12,1,True,True
sample02225,B seen = proxy,1.0,0.9285911321640015,0.014958804473280907,0.9136323276907206,False,True,2,1,0,1,True,True
sample02226,B seen = proxy,0.9285714285714286,0.966211199760437,-0.022242913022637367,0.9884541127830744,False,True,2,1,11,1,True,True
sample02227,B seen = proxy,1.0,0.9238007068634033,0.03860856965184212,0.8851921372115612,False,True,2,1,23,1,True,True
sample02228,B seen = proxy,1.0,0.9409746527671814,-0.05245567858219147,0.9934303313493729,False,True,2,2,0,2,True,True
sample02229,B seen ≠ proxy,1.0,0.8520944714546204,-0.04760371148586273,0.8996981829404831,False,False,1,0,3,0,True,False
sample02230,uncertain,1.0,0.48888301849365234,-0.04080083966255188,0.5296838581562042,False,False,1,0,6,0,True,False
sample02231,B seen ≠ proxy,1.0,0.8382560014724731,0.005904843099415302,0.8323511583730578,False,False,1,0,28,0,True,False
sample02232,B seen ≠ proxy,0.8571428571428571,0.9419113397598267,0.04257803410291672,0.8993333056569099,False,False,1,0,10,0,True,False
sample02233,B seen = proxy,1.0,0.8602873682975769,0.03077859804034233,0.8295087702572346,False,True,2,1,11,1,True,True
sample02234,B seen ≠ proxy,1.0,0.9084511399269104,0.07078474014997482,0.8376663997769356,False,False,1,0,8,0,True,False
sample02235,B seen = proxy,1.0,0.9213533401489258,0.06473836302757263,0.8566149771213531,False,True,2,1,8,1,True,True
sample02236,B seen ≠ proxy,1.0,0.7072691321372986,0.13820651173591614,0.5690626204013824,False,False,1,0,22,0,True,False
sample02237,B seen = proxy,0.9,0.9670300483703613,-0.08260678499937057,1.049636833369732,False,True,2,1,4,1,True,True
sample02238,B seen = proxy,1.0,0.9626592993736267,-0.11955349892377853,1.0822127982974052,False,True,2,1,14,1,True,True
sample02239,B seen ≠ proxy,1.0,0.9231885671615601,-0.12809690833091736,1.0512854754924774,False,False,1,0,10,0,True,False
sample02240,B seen = proxy,1.0,0.9709559679031372,0.07879161834716797,0.8921643495559692,False,True,2,1,0,1,True,True
sample02241,B seen ≠ proxy,1.0,0.9293245673179626,0.09818655252456665,0.831138014793396,False,False,1,0,10,0,True,False
sample02242,B seen = proxy,0.8333333333333334,0.8802124261856079,-0.014687556773424149,0.8948999829590321,False,True,2,2,9,2,True,True
sample02243,B seen = proxy,0.6,0.9744408130645752,0.012125653214752674,0.9623151598498225,False,True,2,2,17,2,True,True
sample02244,B seen ≠ proxy,1.0,0.937652587890625,0.04669054597616196,0.890962041914463,False,True,3,2,0,2,True,False
sample02245,B seen = proxy,1.0,0.9273046255111694,-0.049634892493486404,0.9769395180046558,False,True,2,1,0,1,True,True
sample02246,B seen ≠ proxy,0.8,0.8494664430618286,0.013975586742162704,0.8354908563196659,False,False,1,0,22,0,True,False
sample02247,B seen = proxy,0.6666666666666666,0.9323055744171143,0.4028233587741852,0.5294822156429291,False,True,2,3,0,3,True,True
sample02248,B seen = proxy,1.0,0.691206693649292,-0.07089424878358841,0.7621009424328804,False,True,2,2,8,2,True,True
sample02249,B seen = proxy,1.0,0.9614307284355164,-0.040228720754384995,1.0016594491899014,False,True,2,2,0,2,True,True
sample02250,B seen = proxy,1.0,0.8889491558074951,0.16497783362865448,0.7239713221788406,False,True,2,2,0,2,True,True
sample02251,B seen = proxy,1.0,0.812093198299408,0.11336611956357956,0.6987270787358284,False,True,3,5,0,5,True,True
sample02252,B seen = proxy,1.0,0.92156982421875,0.18253105878829956,0.7390387654304504,False,True,3,3,6,3,True,True
sample02253,B seen = proxy,1.0,0.8902196884155273,0.04227382689714432,0.847945861518383,False,True,2,2,5,2,True,True
sample02254,B seen = proxy,1.0,0.8817811012268066,0.0052177440375089645,0.8765633571892977,False,True,2,1,0,1,True,True
sample02255,B seen ≠ proxy,1.0,0.6565468907356262,0.008587751537561417,0.6479591391980648,False,True,3,1,17,1,True,False
sample02256,B seen ≠ proxy,1.0,0.9728081226348877,0.04911016672849655,0.9236979559063911,False,True,3,4,0,8,True,False
sample02257,uncertain,0.6,0.9128992557525635,0.04172305017709732,0.8711762055754662,True,True,2,11,14,2,False,False
sample02258,uncertain,0.8181818181818182,0.9467474222183228,0.06597749888896942,0.8807699233293533,True,True,2,3,21,2,False,False
sample02259,B seen = proxy,0.8181818181818182,0.9668348431587219,0.10209976881742477,0.8647350743412971,False,True,2,2,11,2,True,True
sample02260,B seen = proxy,0.8461538461538461,0.8958619832992554,0.30838340520858765,0.5874785780906677,False,True,2,2,0,2,True,True
sample02261,B seen = proxy,0.7142857142857143,0.6357704401016235,0.5615864992141724,0.07418394088745117,False,True,3,1,0,1,True,True
sample02262,B not seen,1.0,0.017131604254245758,-0.11024695634841919,0.12737856060266495,False,False,1,0,0,0,False,False
sample02263,B seen = proxy,1.0,0.8014514446258545,0.247571662068367,0.5538797825574875,False,True,2,1,2,1,True,True
sample02264,uncertain,0.7142857142857143,0.5429514646530151,0.050912462174892426,0.4920390024781227,False,False,1,0,1,0,True,False
sample02265,B seen = proxy,1.0,0.6946189403533936,0.5222859382629395,0.1723330020904541,False,True,2,2,4,2,True,True
sample02266,B seen = proxy,1.0,0.8181910514831543,0.027797609567642212,0.7903934419155121,False,True,2,1,5,1,True,True
sample02267,B seen = proxy,1.0,0.9510188698768616,-0.007936203852295876,0.9589550737291574,False,True,2,1,6,1,True,True
sample02268,B seen ≠ proxy,0.8888888888888888,0.8799883723258972,0.07876328378915787,0.8012250885367393,False,False,1,0,6,0,True,False
sample02269,B seen ≠ proxy,1.0,0.7331775426864624,0.050045982003211975,0.6831315606832504,False,False,1,0,1,0,True,False
sample02270,B seen = proxy,1.0,0.794500470161438,0.041871510446071625,0.7526289597153664,False,True,2,3,8,3,True,True
sample02271,B seen ≠ proxy,0.7142857142857143,0.9499209523200989,0.07322560995817184,0.876695342361927,False,False,1,0,11,0,True,False
sample02272,B seen = proxy,1.0,0.7602354288101196,0.014944728463888168,0.7452907003462315,False,True,2,2,0,2,True,True
sample02273,B seen ≠ proxy,1.0,0.864606499671936,0.0295244250446558,0.8350820746272802,False,False,1,0,19,0,True,False
sample02274,B seen ≠ proxy,1.0,0.8666079640388489,-0.0677080899477005,0.9343160539865494,False,False,1,0,14,0,True,False
sample02275,B seen = proxy,1.0,0.705569863319397,0.054541509598493576,0.6510283537209034,False,True,2,2,14,2,True,True
sample02276,B seen ≠ proxy,1.0,0.9118165969848633,0.07186535745859146,0.8399512395262718,False,True,5,2,0,6,True,False
sample02277,B seen = proxy,1.0,0.8237963914871216,0.06894033402204514,0.7548560574650764,False,True,3,1,16,1,True,True
sample02278,B not seen,1.0,0.01744387112557888,-1.0,1.0174438711255789,True,False,1,0,0,0,False,False
sample02279,B not seen,1.0,0.02030104026198387,-1.0,1.0203010402619839,True,False,1,0,0,0,False,False
sample02280,B not seen,1.0,0.02538287080824375,-1.0,1.0253828708082438,True,False,1,0,0,0,False,False
sample02281,B seen = proxy,1.0,0.9134944081306458,-0.02662714198231697,0.9401215501129627,False,True,2,3,4,3,True,True
sample02282,B seen ≠ proxy,1.0,0.7292876243591309,-0.03320293873548508,0.7624905630946159,False,False,1,0,16,0,True,False
sample02283,B seen = proxy,1.0,0.8666293621063232,-0.06359321624040604,0.9302225783467293,False,True,2,1,0,1,True,True
sample02284,B seen ≠ proxy,0.9,0.8426846265792847,-0.06024838238954544,0.9029330089688301,False,False,1,0,12,0,True,False
sample02285,B seen = proxy,0.5,0.9375666379928589,-0.0006131744012236595,0.9381798123940825,False,True,2,2,6,2,True,True
sample02286,B seen = proxy,1.0,0.9416211247444153,-0.11842288076877594,1.0600440055131912,False,True,2,1,13,1,True,True
sample02287,B seen = proxy,1.0,0.6389907598495483,0.42654284834861755,0.2124479115009308,False,True,2,1,5,1,True,True
sample02288,B seen = proxy,1.0,0.8840163946151733,0.01051593478769064,0.8735004598274827,False,True,2,2,15,2,True,True
sample02289,B seen ≠ proxy,1.0,0.8588932156562805,-0.02340109273791313,0.8822943083941936,False,False,1,0,12,0,True,False
sample02290,B seen = proxy,0.75,0.9278813600540161,0.009738774970173836,0.9181425850838423,False,True,2,1,6,1,True,True
sample02291,B seen = proxy,1.0,0.9059836864471436,0.07591964304447174,0.8300640434026718,False,True,3,2,14,2,True,True
sample02292,B seen ≠ proxy,1.0,0.9400014877319336,0.04979243874549866,0.8902090489864349,False,True,4,1,0,5,True,False
sample02293,B seen ≠ proxy,0.8333333333333334,0.8849983215332031,0.0890524610877037,0.7959458604454994,False,True,2,0,11,2,True,False
sample02294,B seen = proxy,0.8,0.8696383237838745,0.07131970673799515,0.7983186170458794,False,True,3,1,8,1,True,True
sample02295,B seen = proxy,1.0,0.9572131037712097,0.08984887599945068,0.867364227771759,False,True,2,2,5,2,True,True
sample02296,B seen ≠ proxy,1.0,0.8783974647521973,0.1270693838596344,0.7513280808925629,False,True,4,1,0,9,True,False
sample02297,B seen ≠ proxy,0.8,0.9623529314994812,0.10697849839925766,0.8553744331002235,False,True,3,3,12,3,True,False
sample02298,B seen ≠ proxy,1.0,0.7221689224243164,0.08441394567489624,0.6377549767494202,False,False,1,0,8,0,True,False
sample02299,B seen = proxy,0.75,0.8102073669433594,0.14410439133644104,0.6661029756069183,False,True,2,1,9,1,True,True
sample02300,B seen ≠ proxy,1.0,0.9267392754554749,0.12054139375686646,0.8061978816986084,False,True,3,3,6,8,True,False
sample02301,uncertain,0.8,0.5180628895759583,0.0880720466375351,0.42999084293842316,False,True,3,1,6,1,True,False
sample02302,uncertain,1.0,0.6041252613067627,0.034795209765434265,0.5693300515413284,True,True,2,8,8,7,False,False
sample02303,B seen ≠ proxy,0.75,0.9528724551200867,0.30083876848220825,0.6520336866378784,False,True,3,3,0,6,True,False
sample02304,B seen = proxy,1.0,0.9213031530380249,-0.040441207587718964,0.9617443606257439,False,True,2,2,15,2,True,True
sample02305,B seen = proxy,1.0,0.9642575979232788,-0.1257103830575943,1.089967980980873,False,True,2,2,0,2,True,True
sample02306,B seen = proxy,0.75,0.917473316192627,-0.1180402934551239,1.0355136096477509,False,True,2,3,0,3,True,True
sample02307,B seen = proxy,1.0,0.9831358194351196,-0.12721490859985352,1.1103507280349731,False,True,2,3,17,3,True,True
sample02308,B seen = proxy,1.0,0.8734688758850098,-0.12774008512496948,1.0012089610099792,False,True,2,3,0,3,True,True
sample02309,B seen = proxy,1.0,0.7869530320167542,-0.10057976096868515,0.8875327929854393,False,True,2,1,0,1,True,True
sample02310,B seen ≠ proxy,1.0,0.9465056657791138,0.28884509205818176,0.657660573720932,False,True,3,1,0,7,True,False
sample02311,B seen ≠ proxy,1.0,0.9346200823783875,0.06268277764320374,0.8719373047351837,False,False,1,0,12,0,True,False
sample02312,B seen ≠ proxy,1.0,0.8993167877197266,0.24179375171661377,0.6575230360031128,False,True,2,0,10,6,True,False
sample02313,B seen = proxy,1.0,0.5894880294799805,0.07282668352127075,0.5166613459587097,False,True,2,2,0,2,True,True
sample02314,B seen ≠ proxy,0.8,0.8481414318084717,0.348842978477478,0.49929845333099365,False,True,5,2,0,2,True,False
sample02315,B seen ≠ proxy,1.0,0.8234275579452515,0.09074683487415314,0.7326807230710983,False,True,10,1,10,4,True,False
sample02316,B seen ≠ proxy,1.0,0.8658640384674072,0.05405759811401367,0.8118064403533936,False,True,5,2,4,7,True,False
sample02317,B seen ≠ proxy,0.8947368421052632,0.8856637477874756,0.2842120826244354,0.6014516651630402,False,True,3,1,10,2,True,False
sample02318,B seen ≠ proxy,0.7272727272727273,0.751570463180542,-0.008554412052035332,0.7601248752325773,False,False,1,0,7,0,True,False
sample02319,B seen = proxy,0.7777777777777778,0.9472708106040955,-0.03723187744617462,0.9845026880502701,False,True,2,1,10,1,True,True
sample02320,B seen ≠ proxy,1.0,0.6324646472930908,0.08031348884105682,0.552151158452034,False,False,1,0,11,0,True,False
sample02321,B seen = proxy,1.0,0.8820889592170715,0.047500889748334885,0.8345880694687366,False,True,2,1,0,1,True,True
sample02322,B seen ≠ proxy,0.875,0.9162893295288086,0.5417171716690063,0.37457215785980225,False,True,4,2,15,7,True,False
sample02323,B seen ≠ proxy,1.0,0.6985085010528564,0.1327970325946808,0.5657114684581757,False,True,3,2,0,2,True,False
sample02324,B seen ≠ proxy,1.0,0.6283118724822998,0.4643417000770569,0.16397017240524292,False,False,1,0,20,0,True,False
sample02325,B seen = proxy,0.6666666666666666,0.9284857511520386,0.03305897116661072,0.8954267799854279,False,True,2,3,13,3,True,True
sample02326,B seen = proxy,1.0,0.9298363924026489,0.05204340070486069,0.8777929916977882,False,True,2,4,17,4,True,True
sample02327,B seen ≠ proxy,1.0,0.7436370253562927,-0.05179274082183838,0.7954297661781311,False,False,1,0,11,0,True,False
sample02328,B seen = proxy,1.0,0.7895532846450806,0.32562553882598877,0.4639277458190918,False,True,2,1,4,1,True,True
sample02329,uncertain,0.7142857142857143,0.8135389685630798,-0.09720791131258011,0.9107468798756599,True,True,2,7,17,4,False,False
sample02330,B not seen,0.7,0.08499439060688019,-1.0,1.0849943906068802,True,False,1,0,0,0,False,False
sample02331,B seen = proxy,1.0,0.9582058787345886,-0.013212786056101322,0.97141866479069,False,True,2,1,0,1,True,True
sample02332,B seen = proxy,1.0,0.8990026712417603,0.006636256352066994,0.8923664148896933,False,True,2,3,7,3,True,True
sample02333,B seen = proxy,1.0,0.8349802494049072,0.036508746445178986,0.7984715029597282,False,True,2,1,0,1,True,True
sample02334,uncertain,0.6,0.9359607100486755,-0.02404414862394333,0.9600048586726189,True,False,1,7,3,0,False,False
sample02335,B seen = proxy,0.5625,0.8769046664237976,0.08928132802248001,0.7876233384013176,False,True,2,1,4,1,True,True
sample02336,B seen = proxy,0.8,0.9008609056472778,0.07949288189411163,0.8213680237531662,False,True,3,7,10,7,True,True
sample02337,B seen = proxy,0.8,0.8410823345184326,0.07174067199230194,0.7693416625261307,False,True,3,2,10,2,True,True
sample02338,B not seen,0.7272727272727273,0.05681595951318741,-1.0,1.0568159595131874,True,False,1,0,0,0,False,False
sample02339,B seen = proxy,1.0,0.9572027325630188,0.04038335010409355,0.9168193824589252,False,True,2,3,14,3,True,True
sample02340,B seen ≠ proxy,0.5714285714285714,0.6962932348251343,0.058846615254879,0.6374466195702553,False,False,1,0,16,0,True,False
sample02341,B seen = proxy,1.0,0.9545246362686157,0.08807140588760376,0.866453230381012,False,True,2,1,22,1,True,True
sample02342,B seen ≠ proxy,1.0,0.6794642210006714,0.05483601242303848,0.6246282085776329,False,False,1,0,8,0,True,False
sample02343,B seen ≠ proxy,1.0,0.8424083590507507,0.014906330034136772,0.827502029016614,False,False,1,0,12,0,True,False
sample02344,B seen ≠ proxy,1.0,0.86670982837677,0.07186940312385559,0.7948404252529144,False,False,1,0,32,0,True,False
sample02345,B not seen,1.0,0.03236984834074974,-1.0,1.0323698483407497,True,False,1,0,0,0,False,False
sample02346,B seen = proxy,0.6470588235294118,0.8901678323745728,0.007486078888177872,0.8826817534863949,False,True,2,2,2,2,True,True
sample02347,B seen = proxy,1.0,0.9667451977729797,0.010710041970014572,0.9560351558029652,False,True,2,6,12,6,True,True
sample02348,B seen = proxy,1.0,0.7398985624313354,0.2989046573638916,0.44099390506744385,False,True,3,1,15,1,True,True
sample02349,B seen = proxy,1.0,0.756991982460022,0.03380095213651657,0.7231910303235054,False,True,2,1,12,1,True,True
sample02350,B seen ≠ proxy,0.8571428571428571,0.7665010690689087,0.09842125326395035,0.6680798158049583,False,False,1,0,6,0,True,False
sample02351,B seen = proxy,1.0,0.8842140436172485,0.46928054094314575,0.4149335026741028,False,True,2,1,0,1,True,True
sample02352,B seen ≠ proxy,0.8333333333333334,0.9780230522155762,-0.053748875856399536,1.0317719280719757,False,False,1,0,9,0,True,False
sample02353,B seen = proxy,1.0,0.8663808107376099,-0.004500614479184151,0.870881425216794,False,True,2,2,19,2,True,True
sample02354,B seen = proxy,1.0,0.9483599662780762,0.005221029743552208,0.943138936534524,False,True,2,2,19,2,True,True
sample02355,B seen = proxy,0.6666666666666666,0.8924899697303772,0.01200074516236782,0.8804892245680094,False,True,2,2,0,2,True,True
sample02356,B seen = proxy,1.0,0.758560299873352,0.08577873557806015,0.6727815642952919,False,True,2,2,6,2,True,True
sample02357,B seen ≠ proxy,1.0,0.6554867029190063,0.025831954553723335,0.629654748365283,False,False,1,0,8,0,True,False
sample02358,B seen ≠ proxy,1.0,0.9114248752593994,0.04057171940803528,0.8708531558513641,False,True,3,7,22,11,True,False
sample02359,B not seen,1.0,-0.005290403962135315,-0.04270602762699127,0.03741562366485596,False,False,1,0,0,0,False,False
sample02360,B seen ≠ proxy,0.8888888888888888,0.9439972043037415,0.440702885389328,0.5032943189144135,False,True,4,3,0,4,True,False
sample02361,B seen ≠ proxy,0.6666666666666666,0.842778205871582,0.07349923253059387,0.7692789733409882,False,True,3,3,0,5,True,False
sample02362,B seen = proxy,1.0,0.9177120923995972,0.07019273936748505,0.8475193530321121,False,True,2,3,0,3,True,True
sample02363,B seen ≠ proxy,0.6,0.8477404117584229,0.012150698341429234,0.8355897134169936,False,False,1,0,8,0,True,False
sample02364,B seen = proxy,0.8235294117647058,0.918387770652771,0.007903125137090683,0.9104846455156803,False,True,2,6,11,6,True,True
sample02365,B seen = proxy,1.0,0.8901883363723755,0.019809333607554436,0.870379002764821,False,True,2,3,9,3,True,True
sample02366,B seen = proxy,0.7142857142857143,0.9077925086021423,0.0364227257668972,0.8713697828352451,False,True,2,1,14,1,True,True
sample02367,B seen = proxy,1.0,0.6395422220230103,-0.028209740296006203,0.6677519623190165,False,True,2,2,15,2,True,True
sample02368,B seen = proxy,1.0,0.7953211069107056,-0.017535222694277763,0.8128563296049833,False,True,2,1,17,1,True,True
sample02369,B seen = proxy,1.0,0.7433038949966431,0.10369302332401276,0.6396108716726303,False,True,2,2,0,2,True,True
sample02370,uncertain,1.0,0.9145667552947998,0.03371939808130264,0.8808473572134972,True,True,3,2,0,2,False,False
sample02371,B seen = proxy,1.0,0.7967244386672974,0.08054453134536743,0.7161799073219299,False,True,2,1,13,1,True,True
sample02372,uncertain,1.0,0.8020269870758057,0.12063351273536682,0.6813934743404388,True,True,4,3,0,3,False,False
sample02373,B not seen,0.7142857142857143,0.03685499355196953,-1.0,1.0368549935519695,True,False,1,0,0,0,False,False
sample02374,B seen = proxy,1.0,0.8466507196426392,0.09387685358524323,0.7527738660573959,False,True,3,4,9,4,True,True
sample02375,uncertain,0.8,0.42919740080833435,0.312583863735199,0.11661353707313538,False,False,1,0,2,0,False,False
sample02376,uncertain,0.5,0.8930114507675171,0.016192596405744553,0.8768188543617725,True,True,2,7,0,1,False,False
sample02377,B seen ≠ proxy,1.0,0.9367955923080444,0.13209490478038788,0.8047006875276566,False,True,4,2,0,13,True,False
sample02378,B not seen,0.8571428571428571,0.003054080531001091,-1.0,1.003054080531001,True,False,1,0,0,0,False,False
sample02379,B seen = proxy,0.5714285714285714,0.8943263292312622,0.2884955406188965,0.6058307886123657,False,True,2,4,0,4,True,True
sample02432,B not seen,1.0,0.10891898721456528,0.049197327345609665,0.05972165986895561,True,False,1,0,0,0,False,False
sample02433,uncertain,0.6666666666666666,0.9248343110084534,0.09058361500501633,0.834250696003437,True,False,1,9,7,0,False,False
sample02434,B seen ≠ proxy,0.6153846153846154,0.9021515846252441,0.4341575503349304,0.4679940342903137,False,True,5,3,5,3,True,False
sample02435,B seen = proxy,0.6666666666666666,0.8189089298248291,0.5812190771102905,0.23768985271453857,False,True,2,1,0,1,True,True
sample02436,B seen = proxy,0.6,0.8080404996871948,0.06495902687311172,0.7430814728140831,False,True,2,3,6,3,True,True
sample02437,B seen ≠ proxy,0.8333333333333334,0.8903899192810059,0.017576370388269424,0.8728135488927364,False,False,1,0,12,0,True,False
sample02438,B seen = proxy,1.0,0.9524462819099426,-0.1899261772632599,1.1423724591732025,False,True,2,3,6,3,True,True
sample02439,B seen = proxy,0.7142857142857143,0.9692473411560059,-0.17089398205280304,1.140141323208809,False,True,2,2,7,2,True,True
sample02440,B seen = proxy,0.8333333333333334,0.9010649919509888,-0.11200028657913208,1.0130652785301208,False,True,2,2,11,2,True,True
sample02441,B seen = proxy,1.0,0.9326103925704956,-0.11948986351490021,1.0521002560853958,False,True,2,1,7,1,True,True
sample02442,uncertain,0.8,0.9193283319473267,-0.1725596785545349,1.0918880105018616,True,True,2,9,5,4,False,False
sample02443,B seen = proxy,0.5,0.9738885164260864,0.008062426000833511,0.9658260904252529,False,True,2,3,7,3,True,True
sample02444,B seen = proxy,0.9090909090909091,0.961593508720398,0.014842741191387177,0.9467507675290108,False,True,2,3,12,3,True,True
sample02445,B seen = proxy,0.9285714285714286,0.9761543273925781,-0.0016009528189897537,0.9777552802115679,False,True,2,1,13,1,True,True
sample02446,B seen = proxy,1.0,0.9355295300483704,0.03441978991031647,0.9011097401380539,False,True,2,1,13,1,True,True
sample02447,B seen ≠ proxy,0.8461538461538461,0.749712347984314,0.4595240652561188,0.2901882827281952,False,True,9,0,6,3,True,False
sample02448,B seen = proxy,1.0,0.9203770756721497,0.0694132149219513,0.8509638607501984,False,True,2,1,17,1,True,True
sample02449,B seen = proxy,0.6,0.9719091653823853,0.032292332500219345,0.9396168328821659,False,True,3,4,0,4,True,True
sample02450,B seen = proxy,1.0,0.8338045477867126,0.19679108262062073,0.6370134651660919,False,True,2,2,15,2,True,True
sample02451,B seen = proxy,0.75,0.9378366470336914,-0.0173579603433609,0.9551946073770523,False,True,2,1,11,1,True,True
sample02452,B seen = proxy,1.0,0.8470577597618103,0.19972482323646545,0.6473329365253448,False,True,2,1,0,1,True,True
sample02453,B seen ≠ proxy,0.75,0.8002619743347168,0.14235404133796692,0.6579079329967499,False,False,1,0,17,0,True,False
sample02454,B seen = proxy,1.0,0.6651384234428406,-0.0048484234139323235,0.6699868468567729,False,True,2,1,12,1,True,True
sample02455,uncertain,1.0,0.9066734313964844,0.04825262725353241,0.858420804142952,True,True,2,3,2,2,False,False
sample02456,B seen = proxy,1.0,0.9148621559143066,0.4666873812675476,0.44817477464675903,False,True,2,1,2,1,True,True
sample02457,B seen ≠ proxy,1.0,0.7806704640388489,0.18191835284233093,0.5987521111965179,False,False,1,0,7,0,True,False
sample02458,B seen ≠ proxy,1.0,0.9205672740936279,-0.06782461702823639,0.9883918911218643,False,False,1,0,6,0,True,False
sample02459,B seen = proxy,1.0,0.912347674369812,-0.04499664530158043,0.9573443196713924,False,True,2,4,21,4,True,True
sample02460,B seen ≠ proxy,0.9090909090909091,0.7544289827346802,0.6443355083465576,0.11009347438812256,False,True,2,0,7,2,True,False
sample02461,B seen ≠ proxy,0.6153846153846154,0.824556291103363,0.057067036628723145,0.7674892544746399,False,True,2,0,9,3,True,False
sample02462,B seen = proxy,1.0,0.8853746652603149,0.2863101661205292,0.5990644991397858,False,True,2,3,6,3,True,True
sample02463,uncertain,1.0,0.5088578462600708,0.030831370502710342,0.47802647575736046,False,False,1,0,22,0,True,False
sample02464,B seen = proxy,1.0,0.770227313041687,0.027319306507706642,0.7429080065339804,False,True,2,3,0,3,True,True
sample02465,B seen ≠ proxy,0.8571428571428571,0.6831868886947632,0.02217482216656208,0.6610120665282011,False,False,1,0,12,0,True,False
sample02466,B seen = proxy,1.0,0.8107545375823975,0.06688734889030457,0.7438671886920929,False,True,2,1,7,1,True,True
sample02467,B seen = proxy,1.0,0.639814019203186,0.34812599420547485,0.2916880249977112,False,True,3,1,3,1,True,True
sample02468,uncertain,0.5,0.9284149408340454,0.5085858106613159,0.4198291301727295,True,False,1,5,0,0,False,False
sample02469,B seen = proxy,1.0,0.8451796770095825,0.1684797704219818,0.6766999065876007,False,True,2,2,8,2,True,True
sample02470,B seen ≠ proxy,1.0,0.705681562423706,-0.00399150513112545,0.7096730675548315,False,False,1,0,6,0,True,False
sample02471,B not seen,1.0,0.37974393367767334,-0.01705237105488777,0.3967963047325611,False,False,1,0,0,0,False,False
sample02472,B seen ≠ proxy,0.7,0.9128388166427612,-0.010005651041865349,0.9228444676846266,False,False,1,0,4,0,True,False
sample02473,B seen = proxy,0.875,0.9686040878295898,-0.0003041662275791168,0.968908254057169,False,True,2,3,7,3,True,True
sample02474,B seen = proxy,1.0,0.9819083213806152,-0.0100483950227499,0.9919567164033651,False,True,2,1,7,1,True,True
sample02475,B seen ≠ proxy,0.75,0.9636974334716797,-0.011751022189855576,0.9754484556615353,False,False,1,0,10,0,True,False
sample02476,B seen ≠ proxy,0.5714285714285714,0.9513317346572876,0.015489159151911736,0.9358425755053759,False,False,1,0,8,0,True,False
sample02477,B seen ≠ proxy,1.0,0.8325845003128052,0.023266425356268883,0.8093180749565363,False,False,1,0,3,0,True,False
sample02478,B seen ≠ proxy,1.0,0.9667251706123352,-0.0013946937397122383,0.9681198643520474,False,False,1,0,8,0,True,False
sample02479,uncertain,0.75,0.7716425061225891,0.3822941184043884,0.3893483877182007,True,True,5,4,12,4,False,False
sample02480,B seen ≠ proxy,1.0,0.8611176609992981,0.13900963962078094,0.7221080213785172,False,True,5,1,12,3,True,False
sample02481,B seen ≠ proxy,1.0,0.8385173082351685,0.37496209144592285,0.4635552167892456,False,True,5,5,10,7,True,False
sample02482,B seen ≠ proxy,0.8,0.9248509407043457,0.13590499758720398,0.7889459431171417,False,True,3,0,7,4,True,False
sample02483,B seen ≠ proxy,1.0,0.9282907247543335,0.09126504510641098,0.8370256796479225,False,True,5,1,6,5,True,False
sample02484,B seen ≠ proxy,1.0,0.7613401412963867,0.01170676201581955,0.7496333792805672,False,True,3,1,6,9,True,False
sample02485,B seen ≠ proxy,1.0,0.9236185550689697,-0.03797554597258568,0.9615941010415554,False,True,3,1,9,1,True,False
sample02486,B seen = proxy,0.5,0.9393277764320374,0.021419310942292213,0.9179084654897451,False,True,2,2,8,2,True,True
sample02487,B seen ≠ proxy,1.0,0.8243504762649536,-0.10019531100988388,0.9245457872748375,False,False,1,0,6,0,True,False
sample02488,B seen = proxy,0.5555555555555556,0.8878248929977417,-0.10561712831258774,0.9934420213103294,False,True,2,1,2,1,True,True
sample02489,B seen = proxy,0.75,0.8585414886474609,-0.08721739798784256,0.9457588866353035,False,True,2,2,6,2,True,True
sample02490,B seen ≠ proxy,1.0,0.8342621922492981,0.06115138903260231,0.7731108032166958,False,True,3,1,11,11,True,False
sample02491,B seen ≠ proxy,1.0,0.8862030506134033,0.08287912607192993,0.8033239245414734,False,True,4,3,0,11,True,False
sample02492,B seen ≠ proxy,1.0,0.9296720623970032,0.13727989792823792,0.7923921644687653,False,True,3,0,6,7,True,False
sample02493,B seen ≠ proxy,1.0,0.8921185731887817,0.09842418879270554,0.7936943843960762,False,True,3,0,10,5,True,False
sample02494,B seen ≠ proxy,0.7777777777777778,0.9277648329734802,0.052550360560417175,0.875214472413063,False,True,3,0,17,8,True,False
sample02495,B seen ≠ proxy,1.0,0.5659067630767822,-0.026494484394788742,0.592401247471571,False,True,2,0,4,1,True,False
sample02496,B seen ≠ proxy,1.0,0.6112104654312134,0.5217164754867554,0.08949398994445801,False,False,1,0,4,0,True,False
sample02497,B seen ≠ proxy,1.0,0.9273686408996582,-0.1259167492389679,1.053285390138626,False,False,1,0,21,0,True,False
sample02498,B seen ≠ proxy,0.8,0.983298659324646,-0.15308085083961487,1.1363795101642609,False,False,1,0,12,0,True,False
sample02499,B seen = proxy,1.0,0.9611586332321167,-0.1304875612258911,1.0916461944580078,False,True,2,1,4,1,True,True
sample02500,B seen = proxy,0.8333333333333334,0.8839811086654663,0.01982441544532776,0.8641566932201385,False,True,3,1,4,1,True,True
sample02501,B seen = proxy,1.0,0.9223172664642334,-0.018121613189578056,0.9404388796538115,False,True,2,2,3,2,True,True
sample02502,B seen ≠ proxy,0.7333333333333333,0.7181766033172607,-0.0207851380109787,0.7389617413282394,False,False,1,0,9,0,True,False
sample02503,B seen = proxy,1.0,0.8590251207351685,0.2128775715827942,0.6461475491523743,False,True,2,8,2,8,True,True
sample02504,uncertain,0.5,0.9478917121887207,0.20408663153648376,0.7438050806522369,True,False,1,5,10,0,False,False
sample02505,B seen = proxy,1.0,0.9721266031265259,0.19254541397094727,0.7795811891555786,False,True,2,6,13,6,True,True
sample02506,B seen = proxy,1.0,0.9176598787307739,0.17429028451442719,0.7433695942163467,False,True,2,2,6,2,True,True
sample02507,B seen ≠ proxy,1.0,0.8851864337921143,0.0297138262540102,0.8554726075381041,False,True,3,2,10,2,True,False
sample02508,B seen = proxy,0.5,0.8479712009429932,0.011728712357580662,0.8362424885854125,False,True,3,3,18,3,True,True
sample02509,uncertain,0.6,0.9014651775360107,0.03404294699430466,0.8674222305417061,True,True,3,2,13,2,False,False
sample02510,B seen ≠ proxy,1.0,0.7469789981842041,0.01844259724020958,0.7285364009439945,False,False,1,0,26,0,True,False
sample02511,B seen = proxy,1.0,0.937343418598175,0.00795831810683012,0.9293851004913449,False,True,2,2,0,2,True,True
sample02512,B seen = proxy,1.0,0.9454079866409302,-0.025400450453162193,0.9708084370940924,False,True,2,3,12,3,True,True
sample02513,B seen = proxy,1.0,0.9684290885925293,-0.009220939129590988,0.9776500277221203,False,True,2,1,0,1,True,True
sample02514,B seen ≠ proxy,0.875,0.7270948886871338,0.07428115606307983,0.652813732624054,False,True,3,3,18,3,True,False
sample02515,B seen ≠ proxy,0.8,0.5754929184913635,-0.014183307997882366,0.5896762264892459,False,False,1,0,12,0,True,False
sample02516,B seen = proxy,1.0,0.8613299131393433,0.009759925305843353,0.8515699878334999,False,True,2,1,15,1,True,True
sample02517,B seen ≠ proxy,1.0,0.9512256383895874,0.013135029003024101,0.9380906093865633,False,False,1,0,4,0,True,False
sample02518,B seen ≠ proxy,1.0,0.8684707880020142,0.020947730168700218,0.8475230578333139,False,False,1,0,13,0,True,False
sample02519,B seen ≠ proxy,1.0,0.9238019585609436,0.0027660876512527466,0.9210358709096909,False,True,3,2,7,2,True,False
sample02520,B seen ≠ proxy,0.8571428571428571,0.9763434529304504,0.026818066835403442,0.949525386095047,False,True,2,0,8,2,True,False
sample02521,B seen ≠ proxy,0.5,0.9530531167984009,0.07132364809513092,0.88172946870327,False,True,4,1,20,2,True,False
sample02522,B seen ≠ proxy,1.0,0.9772976040840149,0.0040275584906339645,0.9732700455933809,False,True,2,0,8,4,True,False
sample02523,B seen = proxy,0.6666666666666666,0.9071272611618042,0.06577856838703156,0.8413486927747726,False,True,2,1,5,1,True,True
sample02524,B seen = proxy,0.7857142857142857,0.6484323143959045,0.5109137296676636,0.13751858472824097,False,True,2,1,11,1,True,True
sample02525,B seen ≠ proxy,0.9166666666666666,0.9130303859710693,0.06283101439476013,0.8501993715763092,False,False,1,0,3,0,True,False
sample02526,B seen = proxy,1.0,0.9105706214904785,0.06384068727493286,0.8467299342155457,False,True,2,1,5,1,True,True
sample02527,B seen ≠ proxy,1.0,0.9708280563354492,0.10838448256254196,0.8624435737729073,False,True,2,0,6,7,True,False
sample02528,B not seen,0.6,0.03619649261236191,0.006473924964666367,0.02972256764769554,False,False,1,0,0,0,False,False
sample02529,B seen = proxy,0.875,0.92412269115448,0.06663373112678528,0.8574889600276947,False,True,2,4,8,4,True,True
sample02530,B seen = proxy,1.0,0.9007011651992798,-0.026120182126760483,0.9268213473260403,False,True,2,1,6,1,True,True
sample02531,B seen ≠ proxy,1.0,0.9358192086219788,-0.01876658946275711,0.9545857980847359,False,False,1,0,11,0,True,False
sample02532,B seen ≠ proxy,1.0,0.9294060468673706,0.028964266180992126,0.9004417806863785,False,False,1,0,13,0,True,False
sample02533,B seen ≠ proxy,1.0,0.9041181802749634,0.0742754191160202,0.8298427611589432,False,False,1,0,9,0,True,False
sample02534,B seen = proxy,1.0,0.9350069761276245,0.04232865571975708,0.8926783204078674,False,True,2,1,0,1,True,True
sample02535,B seen = proxy,0.8333333333333334,0.9504692554473877,0.07990282773971558,0.8705664277076721,False,True,2,1,5,1,True,True
sample02536,B seen = proxy,1.0,0.9671696424484253,0.06251819431781769,0.9046514481306076,False,True,2,1,13,1,True,True
sample02537,B not seen,0.9166666666666666,0.04253301024436951,-1.0,1.0425330102443695,True,False,1,0,0,0,False,False
sample02538,B seen = proxy,0.8333333333333334,0.8158254027366638,0.0031115375459194183,0.8127138651907444,False,True,2,1,16,1,True,True
sample02539,B not seen,0.5384615384615384,0.0685720220208168,0.024306897073984146,0.04426512494683266,True,False,1,0,0,0,False,False
sample02540,B seen = proxy,0.8333333333333334,0.8786361217498779,0.12609630823135376,0.7525398135185242,False,True,2,3,9,3,True,True
sample02541,B seen = proxy,1.0,0.9596641063690186,0.5291237235069275,0.43054038286209106,False,True,2,2,0,2,True,True
sample02542,B seen = proxy,0.75,0.8798080682754517,-0.028688060119748116,0.9084961283951998,False,True,2,1,5,1,True,True
sample02543,B seen = proxy,0.7777777777777778,0.9127603769302368,-0.03439560905098915,0.947155985981226,False,True,2,6,0,6,True,True
sample02544,B seen = proxy,1.0,0.8786973357200623,-0.01936599425971508,0.8980633299797773,False,True,2,2,12,2,True,True
sample02545,B seen = proxy,0.9230769230769231,0.8566502332687378,-0.0352034755051136,0.8918537087738514,False,True,2,2,0,2,True,True
sample02546,B seen = proxy,1.0,0.8905783295631409,0.6208999156951904,0.26967841386795044,False,True,2,1,0,1,True,True
sample02547,B not seen,1.0,0.15495438873767853,0.11740387976169586,0.037550508975982666,True,True,4,0,0,5,False,False
sample02548,B seen = proxy,1.0,0.7415770292282104,0.07596836239099503,0.6656086668372154,False,True,2,2,7,2,True,True
sample02549,B seen ≠ proxy,1.0,0.9265009164810181,0.09306183457374573,0.8334390819072723,False,False,1,0,19,0,True,False
sample02550,B seen ≠ proxy,0.8571428571428571,0.9448055624961853,0.03600601106882095,0.9087995514273643,False,False,1,0,11,0,True,False
sample02551,B seen = proxy,1.0,0.9643243551254272,0.15818454325199127,0.806139811873436,False,True,2,3,6,3,True,True
sample02552,B seen ≠ proxy,0.7272727272727273,0.8143465518951416,0.05397743359208107,0.7603691183030605,False,False,1,0,7,0,True,False
sample02553,B seen = proxy,0.7142857142857143,0.9340688586235046,0.05081135779619217,0.8832575008273125,False,True,3,3,10,3,True,True
sample02554,B seen ≠ proxy,0.875,0.7847168445587158,0.03653319180011749,0.7481836527585983,False,False,1,0,5,0,True,False
sample02555,B seen ≠ proxy,0.5333333333333333,0.9143007397651672,0.029576202854514122,0.8847245369106531,False,True,3,1,15,4,True,False
sample02556,B seen ≠ proxy,1.0,0.8117088675498962,0.46890902519226074,0.3427998423576355,False,True,4,1,13,13,True,False
sample02557,B seen ≠ proxy,0.75,0.7366594076156616,-0.025014501065015793,0.7616739086806774,False,False,1,0,6,0,True,False
sample02558,B seen ≠ proxy,0.625,0.9649274349212646,-0.04649131000041962,1.0114187449216843,False,True,2,0,6,5,True,False
sample02559,B seen = proxy,0.6,0.9523485898971558,0.11370779573917389,0.8386407941579819,False,True,2,2,0,2,True,True
sample02560,B seen = proxy,0.7272727272727273,0.7681002020835876,0.08625328540802002,0.6818469166755676,False,True,2,3,0,3,True,True
sample02561,B seen ≠ proxy,0.8571428571428571,0.7740669846534729,0.05831460654735565,0.7157523781061172,False,True,4,3,13,3,True,False
sample02562,B seen = proxy,1.0,0.9495773315429688,0.4026956558227539,0.5468816757202148,False,True,2,2,12,2,True,True
sample02563,B seen = proxy,1.0,0.848971962928772,0.07763271778821945,0.7713392451405525,False,True,2,2,12,2,True,True
sample02564,B seen = proxy,0.8181818181818182,0.9378736019134521,0.04618808627128601,0.8916855156421661,False,True,2,3,9,3,True,True
sample02565,B seen ≠ proxy,1.0,0.9656313061714172,0.06938490271568298,0.8962464034557343,False,False,1,0,20,0,True,False
sample02566,B seen ≠ proxy,0.6875,0.9513527154922485,0.050595566630363464,0.9007571488618851,False,False,1,0,12,0,True,False
sample02567,B seen = proxy,0.875,0.9578636884689331,0.05540615692734718,0.9024575315415859,False,True,2,1,5,1,True,True
sample02568,B seen = proxy,1.0,0.9510509967803955,0.0681518018245697,0.8828991949558258,False,True,2,1,14,1,True,True
sample02569,B seen = proxy,1.0,0.6353421211242676,0.1619919240474701,0.4733501970767975,False,True,2,2,0,2,True,True
sample02570,B seen = proxy,0.6666666666666666,0.8482375144958496,0.09978875517845154,0.7484487593173981,False,True,3,4,17,4,True,True
sample02571,B seen = proxy,1.0,0.9545714855194092,-0.060400426387786865,1.014971911907196,False,True,2,1,0,1,True,True
sample02572,B seen = proxy,1.0,0.9345755577087402,-0.05457528308033943,0.9891508407890797,False,True,2,1,13,1,True,True
sample02573,B seen ≠ proxy,0.75,0.9071255922317505,0.07170338928699493,0.8354222029447556,False,False,1,0,7,0,True,False
sample02574,B seen = proxy,1.0,0.9087578058242798,0.09428927302360535,0.8144685328006744,False,True,2,1,3,1,True,True
sample02575,B seen = proxy,0.8,0.7834659814834595,0.10841567069292068,0.6750503107905388,False,True,2,1,8,1,True,True
sample02576,B seen = proxy,0.9,0.9016411900520325,0.11707988381385803,0.7845613062381744,False,True,2,2,19,2,True,True
sample02577,B seen = proxy,1.0,0.9092774391174316,0.10239096730947495,0.8068864718079567,False,True,2,1,0,1,True,True
sample02578,B seen ≠ proxy,0.8333333333333334,0.858116865158081,0.0777171179652214,0.7803997471928596,False,True,8,2,6,2,True,False
sample02579,B seen = proxy,0.8421052631578947,0.9423894882202148,0.4617256820201874,0.48066380620002747,False,True,2,2,13,2,True,True
sample02580,B seen ≠ proxy,0.75,0.8983027338981628,0.017720907926559448,0.8805818259716034,False,True,3,2,0,3,True,False
sample02581,B seen = proxy,0.8,0.7928388118743896,0.07152681052684784,0.7213120013475418,False,True,2,1,8,1,True,True
sample02582,B seen ≠ proxy,1.0,0.9329681992530823,0.11897926032543182,0.8139889389276505,False,True,3,1,13,1,True,False
sample02583,B seen = proxy,0.55,0.9644219875335693,0.16538162529468536,0.799040362238884,False,True,3,3,14,3,True,True
sample02584,B seen = proxy,0.9375,0.9364577531814575,0.04846136271953583,0.8879963904619217,False,True,2,2,16,2,True,True
sample02585,B not seen,0.7857142857142857,0.08306098729372025,0.018854420632123947,0.0642065666615963,False,False,1,0,0,0,False,False
sample02586,B seen = proxy,1.0,0.9450185298919678,-0.02322443202137947,0.9682429619133472,False,True,2,2,5,2,True,True
sample02587,B seen = proxy,1.0,0.8426287770271301,0.06888928264379501,0.7737394943833351,False,True,2,2,9,2,True,True
sample02588,B seen = proxy,1.0,0.8560483455657959,0.03903330862522125,0.8170150369405746,False,True,2,2,3,2,True,True
sample02589,B seen = proxy,1.0,0.8697640895843506,-0.04304815083742142,0.912812240421772,False,True,2,2,12,2,True,True
sample02590,B seen = proxy,0.6,0.9118239283561707,-0.0003373194485902786,0.9121612478047609,False,True,2,1,15,1,True,True
sample02591,B seen = proxy,0.75,0.9508312940597534,-0.06021498888731003,1.0110462829470634,False,True,2,2,0,2,True,True
sample02592,B not seen,0.75,0.04201915115118027,-1.0,1.0420191511511803,True,False,1,0,0,0,False,False
sample02593,B seen = proxy,1.0,0.7936460971832275,0.0406140461564064,0.7530320510268211,False,True,3,3,22,3,True,True
sample02594,B seen ≠ proxy,0.6153846153846154,0.8173136711120605,0.12080925703048706,0.6965044140815735,False,True,2,0,11,5,True,False
sample02595,B seen ≠ proxy,1.0,0.8895115256309509,0.24265837669372559,0.6468531489372253,False,True,4,3,9,4,True,False
sample02596,B seen ≠ proxy,1.0,0.8857148885726929,0.09649210423231125,0.7892227843403816,False,True,3,1,0,9,True,False
sample02597,B seen ≠ proxy,1.0,0.9685036540031433,0.087550587952137,0.8809530660510063,False,False,1,0,14,0,True,False
sample02598,B seen ≠ proxy,1.0,0.9657855033874512,0.10830794274806976,0.8574775606393814,False,True,3,2,11,3,True,False
sample02599,B seen ≠ proxy,0.8333333333333334,0.8945675492286682,0.11821627616882324,0.776351273059845,False,False,1,0,3,0,True,False
sample02600,uncertain,1.0,0.9405868053436279,0.146762415766716,0.7938243895769119,True,True,4,2,0,2,False,False
sample02601,B seen ≠ proxy,0.6666666666666666,0.9244409799575806,0.04374024271965027,0.8807007372379303,False,True,4,3,2,6,True,False
sample02602,B seen ≠ proxy,1.0,0.937262773513794,0.010652447119355202,0.9266103263944387,False,True,4,2,15,3,True,False
sample02603,B seen = proxy,0.9375,0.7267426252365112,0.04730600491166115,0.6794366203248501,False,True,3,4,23,4,True,True
sample02604,uncertain,0.7777777777777778,0.4303605556488037,0.021576210856437683,0.40878434479236603,False,False,1,0,3,0,False,False
sample02605,B seen ≠ proxy,0.75,0.9233055114746094,0.0009724348783493042,0.9223330765962601,False,False,1,0,7,0,True,False
sample02606,B seen = proxy,1.0,0.9347986578941345,-0.013094760477542877,0.9478934183716774,False,True,2,2,0,2,True,True
sample02607,B seen ≠ proxy,0.5714285714285714,0.8393332958221436,0.01657804101705551,0.822755254805088,False,False,1,0,12,0,True,False
sample02608,B not seen,1.0,0.0011038053780794144,-0.0877348780632019,0.08883868344128132,False,False,1,0,0,0,False,False
sample02609,B seen = proxy,0.8571428571428571,0.7620466947555542,0.354496568441391,0.4075501263141632,False,True,3,1,14,1,True,True
sample02610,B seen ≠ proxy,0.625,0.9686599373817444,0.12378451228141785,0.8448754251003265,False,False,1,0,12,0,True,False
sample02611,B seen = proxy,1.0,0.9352318048477173,0.1938612461090088,0.7413705587387085,False,True,2,2,12,2,True,True
sample02612,uncertain,1.0,0.7420768141746521,0.6937395334243774,0.04833728075027466,False,True,4,1,0,2,True,False
sample02613,B seen ≠ proxy,0.8333333333333334,0.836298942565918,0.02508440986275673,0.8112145327031612,False,False,1,0,12,0,True,False
sample02614,B seen = proxy,0.75,0.6759960651397705,-0.031919509172439575,0.7079155743122101,False,True,2,1,10,1,True,True
sample02615,B seen = proxy,1.0,0.9526378512382507,0.028048116713762283,0.9245897345244884,False,True,2,3,5,3,True,True
sample02616,uncertain,0.8181818181818182,0.4562181234359741,0.07262983918190002,0.3835882842540741,False,False,1,0,1,0,True,False
sample02617,B seen = proxy,1.0,0.8824094533920288,0.08142796158790588,0.8009814918041229,False,True,2,2,9,2,True,True
sample02618,B seen ≠ proxy,0.9090909090909091,0.8482049703598022,-0.057075608521699905,0.9052805788815022,False,False,1,0,10,0,True,False
sample02619,B seen = proxy,0.6666666666666666,0.9442638158798218,-0.06874031573534012,1.013004131615162,False,True,2,1,8,1,True,True
sample02620,B seen ≠ proxy,0.75,0.7340528964996338,0.015069035813212395,0.7189838606864214,False,True,3,1,10,1,True,False
sample02621,B not seen,0.8333333333333334,0.03649505227804184,0.032836560159921646,0.0036584921181201935,False,False,1,0,0,0,False,False
sample02622,B seen ≠ proxy,1.0,0.9630337357521057,0.07547277957201004,0.8875609561800957,False,True,4,2,0,2,True,False
sample02623,B seen = proxy,1.0,0.958696186542511,0.02095365896821022,0.9377425275743008,False,True,2,1,6,1,True,True
sample02624,B seen = proxy,1.0,0.873302698135376,0.0834420844912529,0.7898606136441231,False,True,2,1,3,1,True,True
sample02625,B not seen,0.6666666666666666,0.060792915523052216,-1.0,1.0607929155230522,True,False,1,0,0,0,False,False
sample02626,B seen = proxy,1.0,0.9076635837554932,0.07849683612585068,0.8291667476296425,False,True,2,4,16,4,True,True
sample02627,B seen ≠ proxy,0.8571428571428571,0.932093620300293,0.06493158638477325,0.8671620339155197,False,False,1,0,8,0,True,False
sample02628,B not seen,0.8571428571428571,0.17783105373382568,-0.0496087521314621,0.22743980586528778,False,False,1,0,0,0,False,False
sample02629,B seen = proxy,1.0,0.8965998291969299,-0.07646838575601578,0.9730682149529457,False,True,2,1,14,1,True,True
sample02630,B seen = proxy,0.5,0.719489574432373,0.3822616636753082,0.3372279107570648,False,True,2,2,11,2,True,True
sample02631,B seen ≠ proxy,1.0,0.9774594902992249,0.03006259724497795,0.9473968930542469,False,True,3,3,0,5,True,False
sample02632,B seen = proxy,1.0,0.9452975392341614,0.022869694977998734,0.9224278442561626,False,True,2,1,1,1,True,True
sample02633,B seen = proxy,1.0,0.7368656992912292,0.05670792609453201,0.6801577731966972,False,True,2,1,0,1,True,True
sample02634,B seen ≠ proxy,1.0,0.8416714072227478,0.03488020598888397,0.8067912012338638,False,False,1,0,13,0,True,False
sample02635,B not seen,1.0,0.06812700629234314,0.06754051148891449,0.0005864948034286499,False,False,1,0,0,0,False,False
sample02636,B seen ≠ proxy,0.9166666666666666,0.7469696998596191,0.295166939496994,0.4518027603626251,False,False,1,0,5,0,True,False
sample02637,B seen = proxy,1.0,0.9277230501174927,0.016044283285737038,0.9116787668317556,False,True,2,1,15,1,True,True
sample02638,B seen ≠ proxy,0.8333333333333334,0.8692615032196045,0.049063339829444885,0.8201981633901596,False,False,1,0,11,0,True,False
sample02639,B seen = proxy,1.0,0.9628131985664368,0.031037908047437668,0.9317752905189991,False,True,2,2,7,2,True,True
sample02640,B seen ≠ proxy,0.75,0.8377349376678467,0.055462632328271866,0.7822723053395748,False,False,1,0,10,0,True,False
sample02641,B seen = proxy,1.0,0.8949477076530457,-0.07289760559797287,0.9678453132510185,False,True,2,1,4,1,True,True
sample02642,B not seen,1.0,0.08455412089824677,0.061967648565769196,0.02258647233247757,False,False,1,0,0,0,False,False
sample02643,B seen = proxy,0.8,0.844354510307312,-0.06034378707408905,0.9046982973814011,False,True,2,1,11,1,True,True
sample02644,B seen = proxy,1.0,0.8628901243209839,-0.07653681188821793,0.9394269362092018,False,True,2,1,9,1,True,True
sample02645,B seen = proxy,1.0,0.9518596529960632,-0.03659644350409508,0.9884560965001583,False,True,3,7,14,7,True,True
sample02646,B seen ≠ proxy,0.6666666666666666,0.8594624996185303,-0.01725834421813488,0.8767208438366652,False,False,1,0,10,0,True,False
sample02647,B seen = proxy,1.0,0.9199772477149963,-0.03162536770105362,0.95160261541605,False,True,2,3,12,3,True,True
sample02648,B seen ≠ proxy,0.8888888888888888,0.9607580900192261,-0.008754664100706577,0.9695127541199327,False,False,1,0,6,0,True,False
sample02649,B seen = proxy,0.5454545454545454,0.9134807586669922,0.0558987557888031,0.8575820028781891,False,True,2,1,0,1,True,True
sample02650,B seen = proxy,0.5,0.9529228210449219,-0.013583207502961159,0.966506028547883,False,True,2,2,4,2,True,True
sample02651,B seen = proxy,1.0,0.9323235154151917,0.07636134326457977,0.8559621721506119,False,True,2,3,0,3,True,True
sample02652,B seen = proxy,1.0,0.7521567344665527,0.024601954966783524,0.7275547794997692,False,True,3,5,8,5,True,True
sample02653,B seen = proxy,0.75,0.9794961214065552,-0.023598838597536087,1.0030949600040913,False,True,2,1,6,1,True,True
sample02654,B seen = proxy,1.0,0.9573891162872314,-0.012377704493701458,0.9697668207809329,False,True,2,1,14,1,True,True
sample02655,B seen = proxy,0.6666666666666666,0.9241769313812256,0.02344958856701851,0.9007273428142071,False,True,2,2,8,2,True,True
sample02656,B seen = proxy,1.0,0.9698280096054077,0.016498126089572906,0.9533298835158348,False,True,2,2,12,2,True,True
sample02657,B not seen,0.9166666666666666,0.18636085093021393,0.10866718739271164,0.07769366353750229,False,True,2,0,0,1,False,False
sample02658,B not seen,1.0,-0.08613677322864532,-1.0,0.9138632267713547,True,False,1,0,0,0,False,False
sample02659,B seen ≠ proxy,0.6,0.8730151653289795,-0.08366584032773972,0.9566810056567192,False,False,1,0,18,0,True,False
sample02660,B seen = proxy,1.0,0.9712337255477905,-0.13647466897964478,1.1077083945274353,False,True,2,4,4,4,True,True
sample02661,B seen ≠ proxy,1.0,0.9207770824432373,-0.0982992872595787,1.019076369702816,False,False,1,0,22,0,True,False
sample02662,B seen ≠ proxy,1.0,0.7721108198165894,-0.13399653136730194,0.9061073511838913,False,False,1,0,14,0,True,False
sample02663,B not seen,0.9090909090909091,0.07486966252326965,0.02525598555803299,0.049613676965236664,False,False,1,0,0,0,False,False
sample02664,B seen = proxy,1.0,0.904700517654419,0.031216159462928772,0.8734843581914902,False,True,2,1,20,1,True,True
sample02665,B seen ≠ proxy,1.0,0.9252362251281738,-0.01749378629028797,0.9427300114184618,False,False,1,0,10,0,True,False
sample02666,B seen = proxy,1.0,0.9642944931983948,0.023813802748918533,0.9404806904494762,False,True,2,1,0,1,True,True
sample02667,B seen ≠ proxy,0.7777777777777778,0.8568480610847473,-0.0326366052031517,0.889484666287899,False,False,1,0,18,0,True,False
sample02668,B seen = proxy,1.0,0.8364261984825134,0.0694539025425911,0.7669722959399223,False,True,3,1,8,1,True,True
sample02669,B seen = proxy,0.9090909090909091,0.8441078662872314,-0.06918049603700638,0.9132883623242378,False,True,2,3,9,3,True,True
sample02670,B seen = proxy,1.0,0.8967002630233765,-0.0626959502696991,0.9593962132930756,False,True,2,1,11,1,True,True
sample02671,B seen ≠ proxy,1.0,0.6642398834228516,-0.05842924863100052,0.7226691320538521,False,False,1,0,12,0,True,False
sample02672,B seen = proxy,1.0,0.7491214275360107,-0.055787697434425354,0.8049091249704361,False,True,2,2,0,2,True,True
sample02673,B seen ≠ proxy,1.0,0.9126051068305969,0.2957134246826172,0.6168916821479797,False,True,3,1,0,13,True,False
sample02674,B seen ≠ proxy,1.0,0.9895808696746826,-0.038731999695301056,1.0283128693699837,False,False,1,0,20,0,True,False
sample02675,B seen ≠ proxy,1.0,0.9017177820205688,0.29193174839019775,0.6097860336303711,False,True,2,0,5,12,True,False
sample02676,B not seen,0.75,0.03803884983062744,-0.0007757525891065598,0.038814602419734,False,True,3,0,0,1,False,False
sample02677,B seen = proxy,1.0,0.9264397025108337,-0.00444934144616127,0.930889043956995,False,True,3,1,0,1,True,True
sample02678,B seen ≠ proxy,0.6363636363636364,0.8791564702987671,0.06574733555316925,0.8134091347455978,False,True,2,0,21,12,True,False
sample02679,B seen = proxy,0.9166666666666666,0.8147187232971191,-0.03818335384130478,0.8529020771384239,False,True,2,1,16,1,True,True
sample02680,B seen = proxy,1.0,0.9740049839019775,0.03378022089600563,0.9402247630059719,False,True,2,1,21,1,True,True
sample02681,B seen ≠ proxy,1.0,0.9148021936416626,0.048258282244205475,0.8665439113974571,False,True,3,1,10,6,True,False
sample02682,B seen = proxy,1.0,0.9447811245918274,-0.04916434735059738,0.9939454719424248,False,True,2,3,0,3,True,True
sample02683,B seen ≠ proxy,0.9090909090909091,0.9692509174346924,-0.04460090398788452,1.013851821422577,False,False,1,0,12,0,True,False
sample02684,B seen ≠ proxy,1.0,0.713134765625,-0.03672362118959427,0.7498583868145943,False,False,1,0,8,0,True,False
sample02685,B seen = proxy,1.0,0.8120466470718384,0.4183804988861084,0.39366614818573,False,True,4,1,8,1,True,True
sample02686,B seen = proxy,1.0,0.9184187054634094,0.00827140361070633,0.9101473018527031,False,True,2,2,8,2,True,True
sample02687,uncertain,0.4166666666666667,0.7211055755615234,0.3572772145271301,0.3638283610343933,True,True,2,9,8,3,False,False
sample02688,B seen ≠ proxy,1.0,0.7818541526794434,0.18298208713531494,0.5988720655441284,False,False,1,0,14,0,True,False
sample02689,B seen ≠ proxy,1.0,0.7935388088226318,0.09831364452838898,0.6952251642942429,False,False,1,0,6,0,True,False
sample02690,B seen ≠ proxy,1.0,0.8729745149612427,0.08425319194793701,0.7887213230133057,False,False,1,0,12,0,True,False
sample02691,B seen ≠ proxy,1.0,0.8439807891845703,0.014593521133065224,0.8293872680515051,False,False,1,0,4,0,True,False
sample02692,B seen ≠ proxy,1.0,0.7748000621795654,0.047527164220809937,0.7272728979587555,False,False,1,0,12,0,True,False
sample02693,B not seen,1.0,0.10174550116062164,0.019888825714588165,0.08185667544603348,True,True,2,0,0,1,False,False
sample02694,B seen ≠ proxy,1.0,0.7327394485473633,0.06985321640968323,0.66288623213768,False,False,1,0,7,0,True,False
sample02695,B seen = proxy,1.0,0.9182506799697876,0.05729535222053528,0.8609553277492523,False,True,2,1,6,1,True,True
sample02696,B seen = proxy,1.0,0.9864243865013123,-0.05735836550593376,1.043782752007246,False,True,2,1,5,1,True,True
sample02697,B seen ≠ proxy,1.0,0.8766628503799438,-0.01676628738641739,0.8934291377663612,False,False,1,0,17,0,True,False
sample02698,B not seen,0.8333333333333334,-0.08845233172178268,-1.0,0.9115476682782173,True,False,1,0,0,0,False,False
sample02699,B not seen,1.0,0.10243824124336243,0.023155443370342255,0.07928279787302017,False,True,2,0,0,2,False,False
sample02700,B seen ≠ proxy,1.0,0.8947201371192932,0.049517933279275894,0.8452022038400173,False,False,1,0,10,0,True,False
sample02701,B seen = proxy,1.0,0.9652268886566162,0.07340174913406372,0.8918251395225525,False,True,2,1,0,1,True,True
sample02702,B not seen,1.0,0.00890055950731039,-0.03662729263305664,0.04552785214036703,True,False,1,0,0,0,False,False
sample02703,B seen ≠ proxy,1.0,0.8819929957389832,0.015200087800621986,0.8667929079383612,False,True,3,2,0,2,True,False
sample02704,B seen ≠ proxy,1.0,0.9358776211738586,0.03786233440041542,0.8980152867734432,False,True,4,0,19,9,True,False
sample02705,B seen = proxy,0.8571428571428571,0.9070045351982117,0.028523625805974007,0.8784809093922377,False,True,2,1,6,1,True,True
sample02706,B seen ≠ proxy,1.0,0.9259939193725586,0.015840712934732437,0.9101532064378262,False,False,1,0,13,0,True,False
sample02707,B not seen,0.6,0.02415868267416954,-1.0,1.0241586826741695,True,False,1,0,0,0,False,False
sample02708,B not seen,0.8461538461538461,0.045583903789520264,0.0006042215973138809,0.04497968219220638,True,False,1,0,0,0,False,False
sample02709,B not seen,1.0,-0.04770335927605629,-1.0,0.9522966407239437,True,False,1,0,0,0,False,False
sample02710,B seen ≠ proxy,1.0,0.832338809967041,0.024075131863355637,0.8082636781036854,False,False,1,0,11,0,True,False
sample02711,B not seen,1.0,0.011297568678855896,-1.0,1.011297568678856,True,False,1,0,0,0,False,False
sample02712,B seen ≠ proxy,1.0,0.8191885352134705,0.04676807299256325,0.7724204622209072,False,False,1,0,16,0,True,False
sample02713,B seen ≠ proxy,0.6666666666666666,0.8927210569381714,0.020935770124197006,0.8717852868139744,False,False,1,0,6,0,True,False
sample02714,B seen = proxy,1.0,0.9368730783462524,0.006121888756752014,0.9307511895895004,False,True,2,1,14,1,True,True
sample02715,uncertain,1.0,0.4145665764808655,0.1748284548521042,0.2397381216287613,False,True,3,0,9,3,False,False
sample02716,B seen = proxy,1.0,0.9169617295265198,0.022145098075270653,0.8948166314512491,False,True,2,1,5,1,True,True
sample02717,B seen ≠ proxy,1.0,0.9682003855705261,0.004470977932214737,0.9637294076383114,False,False,1,0,10,0,True,False
sample02718,B seen = proxy,1.0,0.7857059240341187,-0.13316938281059265,0.9188753068447113,False,True,2,1,0,1,True,True
sample02719,B seen ≠ proxy,1.0,0.8109174966812134,-0.13602055609226227,0.9469380527734756,False,False,1,0,17,0,True,False
sample02720,B seen ≠ proxy,1.0,0.8490181565284729,0.04485691338777542,0.8041612431406975,False,True,3,1,9,2,True,False
sample02721,B seen ≠ proxy,1.0,0.8197791576385498,-0.042706843465566635,0.8624860011041164,False,False,1,0,21,0,True,False
sample02722,B seen ≠ proxy,1.0,0.8498979806900024,0.06691119074821472,0.7829867899417877,False,False,1,0,9,0,True,False
sample02723,B not seen,1.0,0.2521849274635315,-0.037741221487522125,0.2899261489510536,False,False,1,0,0,0,False,False
sample02724,B not seen,1.0,-0.08407744020223618,-1.0,0.9159225597977638,True,False,1,0,0,0,False,False
sample02725,B seen = proxy,1.0,0.7801603078842163,-0.05221410095691681,0.8323744088411331,False,True,2,1,0,1,True,True
sample02726,B seen ≠ proxy,1.0,0.8359040021896362,-0.08761697262525558,0.9235209748148918,False,False,1,0,10,0,True,False
sample02727,B seen ≠ proxy,1.0,0.676514744758606,-0.010020717047154903,0.6865354618057609,False,False,1,0,4,0,True,False
sample02728,B seen ≠ proxy,1.0,0.9064174890518188,-0.012450414709746838,0.9188679037615657,False,False,1,0,14,0,True,False
sample02729,uncertain,1.0,0.5173407793045044,0.1437901109457016,0.3735506683588028,True,True,5,4,0,4,False,False
sample02730,B seen = proxy,0.9090909090909091,0.7232706546783447,0.02641119807958603,0.6968594565987587,False,True,2,1,0,1,True,True
sample02731,B seen ≠ proxy,1.0,0.7933100461959839,0.010187428444623947,0.7831226177513599,False,False,1,0,7,0,True,False
sample02732,B seen ≠ proxy,1.0,0.7611948251724243,0.10814408957958221,0.6530507355928421,False,True,6,3,9,5,True,False
sample02733,B seen ≠ proxy,0.8888888888888888,0.8624805808067322,0.08294341713190079,0.7795371636748314,False,True,5,1,7,9,True,False
sample02734,B not seen,1.0,0.07494088262319565,0.026566389948129654,0.048374492675065994,False,True,2,0,0,6,False,False
sample02735,B not seen,0.8571428571428571,0.09791006147861481,0.08482716977596283,0.013082891702651978,False,True,6,0,0,10,False,False
sample02736,B seen = proxy,1.0,0.8581798076629639,0.1137363612651825,0.7444434463977814,False,True,2,2,13,2,True,True
sample02737,B seen ≠ proxy,0.8,0.8821718096733093,0.034103166311979294,0.84806864336133,False,False,1,0,17,0,True,False
sample02738,B seen ≠ proxy,0.9090909090909091,0.808349609375,0.07635044306516647,0.7319991663098335,False,False,1,0,1,0,True,False
sample02739,B seen ≠ proxy,1.0,0.6566544771194458,0.07407163083553314,0.5825828462839127,False,False,1,0,25,0,True,False
sample02740,B seen ≠ proxy,1.0,0.9417538642883301,0.10780668258666992,0.8339471817016602,False,False,1,0,10,0,True,False
sample02741,B seen ≠ proxy,1.0,0.8209224343299866,0.07024899870157242,0.7506734356284142,False,False,1,0,11,0,True,False
sample02742,B seen ≠ proxy,0.7,0.9073674082756042,0.061246249824762344,0.8461211584508419,False,False,1,0,11,0,True,False
sample02743,B seen ≠ proxy,0.8571428571428571,0.9152914881706238,0.052044354379177094,0.8632471337914467,False,True,2,0,8,5,True,False
sample02744,B seen ≠ proxy,1.0,0.9519932270050049,0.3660351037979126,0.5859581232070923,False,False,1,0,10,0,True,False
sample02745,B seen ≠ proxy,1.0,0.9557144641876221,0.38619571924209595,0.5695187449455261,False,False,1,0,15,0,True,False
